key,cell,outcome,window,exposure,model,family,re_tier,converged,message,pd_hess,conv_code,n_obs,n_states,aic,bic,loglik,df,sigma2_u0,sigma2_u1,sigma_u01,sigma2_e,obs_zeros,exp_zeros,exp_zeros_se,zero_ratio,zero_fit_discrepancy,zi_degenerate,zi_degenerate_reason,collapsed_to,eligible_for_selection,is_winner_rs,is_winner_ri,winner,is_m3_winner,lrt_vs,lrt_boundary,lrt_boundary_kind,lrt_chisq,lrt_df,lrt_p
insp_2021__M1__poisson,insp_2021,inspections,2021,none,M1,poisson,rs,True,,True,0,539,49,7863.1583121592,7893.1863211556,-3924.5791560796,7,1.1710987001,0.0075468085231,0.030566068425,1.0,7,1.749,0.043507998954,0.24985714285714286,0.75014285714,False,,,True,False,False,False,False,,False,,,,
insp_2021__M1__nbinom1,insp_2021,inspections,2021,none,M1,nbinom1,rs,True,,True,0,539,49,4910.5674609365,4944.8851855038,-2447.2837304683,8,0.92702247983,0.0056039245848,0.025832009939,109.4549266162,7,15.386,0.14400128536,2.198,1.198,False,,,True,False,False,False,False,,False,,,,
insp_2021__M1__nbinom2,insp_2021,inspections,2021,none,M1,nbinom2,rs,True,,True,0,539,49,4748.3489934127,4782.66671798,-2366.1744967064,8,1.1608773175,0.0060176484315,0.030749409056,32.6682835071,7,2.944,0.053869127907,0.42057142857142854,0.57942857143,False,,,True,False,False,False,False,poisson,True,dispersion -> infinity (Poisson is NB2 at phi->inf),3116.8093187464,1.0,0.0
insp_2021__M1__zip,insp_2021,inspections,2021,none,M1,zip,rs,True,,True,0,539,49,7715.8680140157,7750.185738583,-3849.9340070079,8,1.1515010196,0.0068029984824,0.029008806376,1.0,7,8.284,0.070061589428,1.1834285714285715,0.18342857143,False,,,True,False,False,False,False,,False,,,,
insp_2021__M1__zinb,insp_2021,inspections,2021,none,M1,zinb,rs,True,,True,0,539,49,4715.6134742314,4754.2209143696,-2348.8067371157,9,1.1479287986,0.0053909929799,0.029405323506,43.6467316314,7,8.458,0.074396810703,1.2082857142857144,0.20828571429,False,,,True,True,False,True,False,nbinom2,True,zero-inflation probability -> 0,34.73551918140038,1.0,3.776775406095877e-09
insp_2021__M1__zinb_re,insp_2021,inspections,2021,none,M1,zinb_re,rs,True,,True,0,539,49,4715.6134742314,4754.2209143696,-2348.8067371157,9,1.1479287986,0.0053909929799,0.029405323506,43.6467316314,7,8.458,0.074396810703,1.2082857142857144,0.20828571429,False,,zinb,False,False,False,False,False,,False,,,,
insp_2021__M3__poisson,insp_2021,inspections,2021,none,M3,poisson,rs,True,,True,0,506,46,7675.7195500609,7730.6645267617,-3824.8597750305,13,1.0112883142,0.0076556822654,0.03003072933,1.0,7,0.953,0.030819968125,0.13614285714285715,0.86385714286,False,,,True,False,False,False,False,,False,,,,
insp_2021__M3__nbinom1,insp_2021,inspections,2021,none,M3,nbinom1,rs,True,,True,0,506,46,4704.3039522276,4763.4754655976,-2338.1519761138,14,0.83155054825,0.005041346598,0.023189602385,123.9494824095,7,11.9095,0.12617692017,1.7013571428571428,0.70135714286,False,,,True,False,False,False,False,,False,,,,
insp_2021__M3__nbinom2,insp_2021,inspections,2021,none,M3,nbinom2,rs,True,,True,0,506,46,4565.9722047845,4625.1437181545,-2268.9861023922,14,0.98939091943,0.0058256256321,0.026266470314,32.6006873034,7,1.6675,0.038199495752,0.2382142857142857,0.76178571429,False,,,True,False,False,False,False,poisson,True,dispersion -> infinity (Poisson is NB2 at phi->inf),3111.7473452766,1.0,0.0
insp_2021__M3__zip,insp_2021,inspections,2021,none,M3,zip,rs,True,,True,0,506,46,7527.339240239,7586.510753609,-3749.6696201195,14,0.98555840759,0.006891025245,0.028049048956,1.0,7,7.539,0.063279077275,1.077,0.077,False,,,True,False,False,False,False,,False,,,,
insp_2021__M3__zinb,insp_2021,inspections,2021,none,M3,zinb,rs,True,,True,0,506,46,4532.6090644998,4596.0071145391,-2251.3045322499,15,0.97083045915,0.0051873657436,0.024705680415,43.8689076443,7,7.4665,0.064560226815,1.0666428571428572,0.066642857143,False,,,True,True,False,True,True,nbinom2,True,zero-inflation probability -> 0,35.36314028459947,1.0,2.736163205544896e-09
insp_2021__M3__zinb_re,insp_2021,inspections,2021,none,M3,zinb_re,rs,True,,True,0,506,46,4532.6090644998,4596.0071145391,-2251.3045322499,15,0.97083045915,0.0051873657436,0.024705680415,43.8689076443,7,7.4665,0.064560226815,1.0666428571428572,0.066642857143,False,,zinb,False,False,False,False,False,,False,,,,
insp_2021__M2__zinb,insp_2021,inspections,2021,none,M2,zinb,rs,True,,True,0,506,46,4529.0604315097,4579.7788715412,-2252.5302157549,12,0.99558354507,0.0053398967412,0.027552779819,43.5284995575,7,7.56,0.066580150632,1.0799999999999998,0.08,False,,,False,False,False,False,False,,False,,,,
viol_off_2021__M1__poisson,viol_off_2021,violations,2021,offset,M1,poisson,rs,True,NA/NaN function evaluation,True,0,526,49,6496.146939497,6526.0040479861,-3241.0734697485,7,1.7944125882,0.034383838146,0.1221168567,1.0,86,51.508,0.25962120404,0.5989302325581396,0.40106976744,False,,,True,False,False,False,False,,False,,,,
viol_off_2021__M1__nbinom1,viol_off_2021,violations,2021,offset,M1,nbinom1,rs,True,NA/NaN function evaluation,True,0,526,49,3862.405333604,3896.5277433059,-1923.202666802,8,1.3793145941,0.0088167501199,0.070303212716,101.7550039147,86,115.764,0.3663157731,1.346093023255814,0.34609302326,False,,,True,False,False,False,False,,False,,,,
viol_off_2021__M1__nbinom2,viol_off_2021,violations,2021,offset,M1,nbinom2,rs,True,,True,0,526,49,3866.016566916,3900.1389766179,-1925.008283458,8,1.7443634271,0.033785488061,0.14315213625,4.2012455684,86,66.052,0.2650269187,0.768046511627907,0.23195348837,False,,,True,False,False,False,False,poisson,True,dispersion -> infinity (Poisson is NB2 at phi->inf),2632.130372581,1.0,0.0
viol_off_2021__M1__zip,viol_off_2021,violations,2021,offset,M1,zip,rs,True,NA/NaN function evaluation,True,0,526,49,6092.0525204344,6126.1749301363,-3038.0262602172,8,1.6041588702,0.045980582753,0.14187572083,1.0,86,85.283,0.24676791263,0.9916627906976744,0.0083372093023,False,,,True,False,False,False,False,,False,,,,
viol_off_2021__M1__zinb,viol_off_2021,violations,2021,offset,M1,zinb,ri,True,,True,0,526,49,3869.3818894111,3899.2389979003,-1927.6909447055,7,1.0514750148,,,5.6987165341,86,83.972,0.23975789857,0.9764186046511627,0.023581395349,False,,,True,False,False,False,False,nbinom2,True,zero-inflation probability -> 0,60.242529935199855,1.0,8.386049056987559e-15
viol_off_2021__M1__zinb_re,viol_off_2021,violations,2021,offset,M1,zinb_re,rs,True,,True,0,526,49,3808.9210714644,3851.5740835917,-1894.4605357322,10,1.375621667,0.021167474832,0.094692381731,9.8942653454,86,83.2335,0.28670208914,0.9678313953488373,0.032168604651,False,,,True,True,False,True,False,,False,,,,
viol_off_2021__M3__poisson,viol_off_2021,violations,2021,offset,M3,poisson,rs,True,NA/NaN function evaluation,True,0,494,46,6203.5918695494,6258.2248312728,-3088.7959347747,13,1.225622624,0.024377760469,0.084264560214,1.0,79,37.891,0.20077653027,0.47963291139240505,0.52036708861,False,,,True,False,False,False,False,,False,,,,
viol_off_2021__M3__nbinom1,viol_off_2021,violations,2021,offset,M3,nbinom1,rs,True,NA/NaN function evaluation,True,0,494,46,3651.0799112679,3709.9154085086,-1811.539955634,14,0.89604263009,0.006780226251,0.041440294177,107.276673055,79,99.177,0.30934072047,1.2554050632911393,0.25540506329,False,,,True,True,False,True,True,,False,,,,
viol_off_2021__M3__nbinom2,viol_off_2021,violations,2021,offset,M3,nbinom2,rs,True,,True,0,494,46,3658.9614104038,3717.7969076445,-1815.4807052019,14,1.186059319,0.025892929067,0.083015998895,4.2847784788,79,53.953,0.22489816605,0.6829493670886077,0.31705063291,False,,,True,False,False,False,False,poisson,True,dispersion -> infinity (Poisson is NB2 at phi->inf),2546.6304591456,1.0,0.0
viol_off_2021__M3__zip,viol_off_2021,violations,2021,offset,M3,zip,rs,True,NA/NaN function evaluation,True,0,494,46,5826.4909170984,5885.326414339,-2899.2454585492,14,1.5266592757,0.040225503533,0.16154021183,1.0,79,75.5125,0.22651286037,0.9558544303797468,0.04414556962,False,,,True,False,False,False,False,,False,,,,
viol_off_2021__M3__zinb,viol_off_2021,violations,2021,offset,M3,zinb,ri,True,,True,0,494,46,3652.7483490296,3707.3813107531,-1813.3741745148,13,0.81312738468,,,6.3497239604,79,71.5285,0.20934900854,0.9054240506329113,0.094575949367,False,,,True,False,False,False,False,nbinom2,True,zero-inflation probability -> 0,50.9474083150003,1.0,9.487419903262623e-13
viol_off_2021__M3__zinb_re,viol_off_2021,violations,2021,offset,M3,zinb_re,ri,True,,True,0,494,46,3632.6105778612,3691.4460751018,-1802.3052889306,14,0.76968221805,,,6.5896639774,79,74.3045,0.27624453913,0.9405632911392405,0.059436708861,False,,,True,False,True,True,True,zinb,True,zero-inflation random-effect variance -> 0,22.137771168399922,1.0,2.537673016253987e-06
viol_off_2021__M1__poisson__ri2,viol_off_2021,violations,2021,offset,M1,poisson,ri,True,,True,0,526,49,7364.0568740547,7385.3833801183,-3677.0284370273,5,1.3952686485,,,1.0,86,39.4705,0.23394108038,0.4589593023255814,0.54104069767,False,,,True,False,False,False,False,,False,,,,
viol_off_2021__M1__nbinom1__ri2,viol_off_2021,violations,2021,offset,M1,nbinom1,ri,True,,True,0,526,49,3906.9075470701,3932.4993543466,-1947.4537735351,6,1.2668470987,,,144.4595661867,86,119.987,0.37915668977,1.3951976744186045,0.39519767442,False,,,True,False,False,False,False,,False,,,,
viol_off_2021__M1__nbinom2__ri2,viol_off_2021,violations,2021,offset,M1,nbinom2,ri,True,,True,0,526,49,3927.6244193462,3953.2162266226,-1957.8122096731,6,1.2021969849,,,1.9557895913,86,62.837,0.24631392729,0.7306627906976745,0.2693372093,False,,,True,False,False,False,False,poisson,True,dispersion -> infinity (Poisson is NB2 at phi->inf),3438.4324547083997,1.0,0.0
viol_off_2021__M1__zip__ri2,viol_off_2021,violations,2021,offset,M1,zip,ri,True,,True,0,526,49,6744.3543203563,6769.9461276328,-3366.1771601782,6,1.0175702152,,,1.0,86,89.437,0.22828178155,1.0399651162790697,0.039965116279,False,,,True,False,False,False,False,,False,,,,
viol_off_2021__M1__zinb_re__ri2,viol_off_2021,violations,2021,offset,M1,zinb_re,ri,True,,True,0,526,49,3844.4250588878,3878.5474685897,-1914.2125294439,8,1.0020704577,,,5.8879204905,86,84.942,0.29908032787,0.9876976744186046,0.012302325581,False,,,True,False,True,True,False,zinb,True,zero-inflation random-effect variance -> 0,26.956830523200097,1.0,2.0805060713633333e-07
viol_off_2021__M3__poisson__ri2,viol_off_2021,violations,2021,offset,M3,poisson,ri,True,,True,0,494,46,6970.6852773223,7016.9131680113,-3474.3426386611,11,0.93933703434,,,1.0,79,28.872,0.17729361103,0.3654683544303797,0.63453164557,False,,,True,False,False,False,False,,False,,,,
viol_off_2021__M3__nbinom1__ri2,viol_off_2021,violations,2021,offset,M3,nbinom1,ri,True,,True,0,494,46,3687.4169000327,3737.8473262389,-1831.7084500163,12,0.79090233236,,,154.1126475194,79,103.865,0.3140831285,1.3147468354430378,0.31474683544,False,,,True,False,False,False,False,,False,,,,
viol_off_2021__M3__nbinom2__ri2,viol_off_2021,violations,2021,offset,M3,nbinom2,ri,True,,True,0,494,46,3701.6957573447,3752.1261835509,-1838.8478786723,12,0.88064096091,,,2.2426167181,79,51.356,0.21150058688,0.6500759493670887,0.34992405063,False,,,True,False,False,False,False,poisson,True,dispersion -> infinity (Poisson is NB2 at phi->inf),3270.9895199775997,1.0,0.0
viol_off_2021__M3__zip__ri2,viol_off_2021,violations,2021,offset,M3,zip,ri,True,,True,0,494,46,6405.8292724659,6456.2596986722,-3190.914636233,12,0.79669339516,,,1.0,79,76.96,0.20443237586,0.9741772151898733,0.02582278481,False,,,True,False,False,False,False,,False,,,,
viol_off_2021__M2__nbinom1,viol_off_2021,violations,2021,offset,M2,nbinom1,rs,True,NA/NaN function evaluation,True,0,494,46,3651.270708609,3697.4985992981,-1814.6353543045,11,0.96238325929,0.0070725191928,0.040676601886,107.584853533,79,99.7735,0.31232334497,1.2629556962025317,0.2629556962,False,,,False,False,False,False,False,,False,,,,
viol_cov_2021__M1__poisson,viol_cov_2021,violations,2021,covariate,M1,poisson,rs,True,NA/NaN function evaluation,True,0,533,49,6405.9674859174,6440.1956573107,-3194.9837429587,8,1.6919855627,0.031949139427,0.11619058914,1.0,93,45.0895,0.24804840028,0.48483333333333334,0.51516666667,False,,,True,False,False,False,False,,False,,,,
viol_cov_2021__M1__nbinom1,viol_cov_2021,violations,2021,covariate,M1,nbinom1,rs,True,NA/NaN function evaluation,True,0,533,49,3833.3182163704,3871.8249091879,-1907.6591081852,9,1.1704966787,0.0089687652513,0.072023870412,111.5042558623,93,100.431,0.34873331783,1.0799032258064516,0.079903225806,False,,,True,True,False,True,False,,False,,,,
viol_cov_2021__M1__nbinom2,viol_cov_2021,violations,2021,covariate,M1,nbinom2,rs,True,,True,0,533,49,3840.3738865582,3878.8805793756,-1911.1869432791,9,1.5802711856,0.029914951841,0.12417910428,4.7639691684,93,54.9195,0.25458872242,0.5905322580645161,0.40946774194,False,,,True,False,False,False,False,poisson,True,dispersion -> infinity (Poisson is NB2 at phi->inf),2567.5935993592,1.0,0.0
viol_cov_2021__M1__zip,viol_cov_2021,violations,2021,covariate,M1,zip,rs,True,NA/NaN function evaluation,True,0,533,49,6019.1715097929,6057.6782026104,-3000.5857548965,9,1.4856767083,0.039406100802,0.12763629649,1.0,93,84.8355,0.24211883578,0.9122096774193548,0.087790322581,False,,,True,False,False,False,False,,False,,,,
viol_cov_2021__M1__zinb,viol_cov_2021,violations,2021,covariate,M1,zinb,ri,True,,True,0,533,49,3844.3648017438,3878.5929731372,-1914.1824008719,8,0.91888085138,,,6.9706395983,93,81.259,0.21816566556,0.873752688172043,0.12624731183,False,,,True,False,False,False,False,nbinom2,True,zero-inflation probability -> 0,59.1200764365999,1.0,1.483380452473452e-14
viol_cov_2021__M1__zinb_re,viol_cov_2021,violations,2021,covariate,M1,zinb_re,ri,True,,True,0,533,49,3819.806095757,3858.3127885744,-1900.9030478785,9,0.84108397107,,,7.4380007691,93,87.764,0.32142154238,0.9436989247311828,0.056301075269,False,,,True,False,True,True,False,zinb,True,zero-inflation random-effect variance -> 0,26.55870598679985,1.0,2.5565005307056824e-07
viol_cov_2021__M3__poisson,viol_cov_2021,violations,2021,covariate,M3,poisson,rs,True,NA/NaN function evaluation,True,0,501,46,6147.0141017496,6206.0465871648,-3059.5070508748,14,1.2475946181,0.024012163404,0.09308622198,1.0,86,35.443,0.1982764037,0.4121279069767442,0.58787209302,False,,,True,False,False,False,False,,False,,,,
viol_cov_2021__M3__nbinom1,viol_cov_2021,violations,2021,covariate,M3,nbinom1,rs,True,NA/NaN function evaluation,True,0,501,46,3630.1558125928,3693.4049041091,-1800.0779062964,15,0.84991830924,0.007533157293,0.055209349636,118.0073909897,86,89.413,0.30782477734,1.0396860465116278,0.039686046512,False,,,True,True,False,True,True,,False,,,,
viol_cov_2021__M3__nbinom2,viol_cov_2021,violations,2021,covariate,M3,nbinom2,rs,True,,True,0,501,46,3640.8917805008,3704.1408720171,-1805.4458902504,15,1.2240642395,0.024211942986,0.096399222567,4.6824015063,86,48.3255,0.22458627378,0.5619244186046511,0.4380755814,False,,,True,False,False,False,False,poisson,True,dispersion -> infinity (Poisson is NB2 at phi->inf),2508.1223212488,1.0,0.0
viol_cov_2021__M3__zip,viol_cov_2021,violations,2021,covariate,M3,zip,rs,True,NA/NaN function evaluation,True,0,501,46,5781.9813430535,5845.2304345698,-2875.9906715268,15,1.5131176274,0.035536585793,0.15956791905,1.0,86,78.246,0.23078533952,0.9098372093023255,0.090162790698,False,,,True,False,False,False,False,,False,,,,
viol_cov_2021__M3__zinb,viol_cov_2021,violations,2021,covariate,M3,zinb,ri,True,,True,0,501,46,3642.9696567058,3702.0021421209,-1807.4848283529,14,0.78526634246,,,6.9469320013,86,72.504,0.21101837924,0.8430697674418606,0.15693023256,False,,,True,False,False,False,False,nbinom2,True,zero-inflation probability -> 0,47.68245590020024,1.0,5.01156457753623e-12
viol_cov_2021__M3__zinb_re,viol_cov_2021,violations,2021,covariate,M3,zinb_re,ri,True,,True,0,501,46,3624.0168988827,3687.265990399,-1797.0084494413,15,0.75383664101,,,7.0572506277,86,73.1405,0.25996186251,0.8504709302325582,0.14952906977,False,,,True,False,True,True,True,zinb,True,zero-inflation random-effect variance -> 0,20.952757823200045,1.0,4.707496640096049e-06
viol_cov_2021__M1__poisson__ri2,viol_cov_2021,violations,2021,covariate,M1,poisson,ri,True,,True,0,533,49,7305.8984378208,7331.5695663658,-3646.9492189104,6,1.3315704259,,,1.0,93,36.888,0.22692724823,0.39664516129032257,0.60335483871,False,,,True,False,False,False,False,,False,,,,
viol_cov_2021__M1__nbinom1__ri2,viol_cov_2021,violations,2021,covariate,M1,nbinom1,ri,True,,True,0,533,49,3894.8098821854,3924.7595321546,-1940.4049410927,7,1.1018318459,,,160.8151258589,93,114.011,0.37659441203,1.2259247311827957,0.22592473118,False,,,True,False,False,False,False,,False,,,,
viol_cov_2021__M1__nbinom2__ri2,viol_cov_2021,violations,2021,covariate,M1,nbinom2,ri,True,,True,0,533,49,3901.4848781805,3931.4345281496,-1943.7424390902,7,1.0864346656,,,2.2308699105,93,51.9415,0.22393104169,0.5585107526881721,0.44148924731,False,,,True,False,False,False,False,poisson,True,dispersion -> infinity (Poisson is NB2 at phi->inf),3406.4135596404,1.0,0.0
viol_cov_2021__M1__zip__ri2,viol_cov_2021,violations,2021,covariate,M1,zip,ri,True,,True,0,533,49,6680.2258353526,6710.1754853218,-3333.1129176763,7,0.95104067882,,,1.0,93,93.0155,0.22479078122,1.0001666666666666,0.00016666666667,False,,,True,False,False,False,False,,False,,,,
viol_cov_2021__M3__poisson__ri2,viol_cov_2021,violations,2021,covariate,M3,poisson,ri,True,,True,0,501,46,6959.6067529061,7010.2060261191,-3467.8033764531,12,0.93060616146,,,1.0,86,29.802,0.18095239674,0.3465348837209302,0.65346511628,False,,,True,False,False,False,False,,False,,,,
viol_cov_2021__M3__nbinom1__ri2,viol_cov_2021,violations,2021,covariate,M3,nbinom1,ri,True,,True,0,501,46,3682.1080765729,3736.923955887,-1828.0540382865,13,0.72491093991,,,168.5882733434,86,102.1285,0.31294881747,1.1875406976744187,0.18754069767,False,,,True,False,False,False,False,,False,,,,
viol_cov_2021__M3__nbinom2__ri2,viol_cov_2021,violations,2021,covariate,M3,nbinom2,ri,True,,True,0,501,46,3688.6521126059,3743.46799192,-1831.326056303,13,0.87279776001,,,2.4085222642,86,46.631,0.19785219798,0.5422209302325581,0.45777906977,False,,,True,False,False,False,False,poisson,True,dispersion -> infinity (Poisson is NB2 at phi->inf),3272.9546403002,1.0,0.0
viol_cov_2021__M3__zip__ri2,viol_cov_2021,violations,2021,covariate,M3,zip,ri,True,,True,0,501,46,6386.75921329,6441.5750926041,-3180.379606645,13,0.78242433058,,,1.0,86,82.271,0.20553199556,0.9566395348837209,0.043360465116,False,,,True,False,False,False,False,,False,,,,
viol_cov_2021__M2__nbinom1,viol_cov_2021,violations,2021,covariate,M2,nbinom1,rs,True,NA/NaN function evaluation,True,0,501,46,3630.469263122,3681.0685363351,-1803.234631561,12,0.88944349123,0.0079603260005,0.054128650378,118.3442037412,86,89.102,0.30813839851,1.0360697674418604,0.036069767442,False,,,False,False,False,False,False,,False,,,,
insp_2019__M1__poisson,insp_2019,inspections,2019,none,M1,poisson,rs,True,,True,0,450,50,3658.7667954832,3687.5315285625,-1822.3833977416,7,1.1402801557,0.0096598827873,0.023402268424,1.0,15,4.826,0.073878894452,0.3217333333333333,0.67826666667,False,,,True,False,False,False,False,,False,,,,
insp_2019__M1__nbinom1,insp_2019,inspections,2019,none,M1,nbinom1,rs,True,,True,0,450,50,3312.8237568282,3345.6977374903,-1648.4118784141,8,0.97348796544,0.007678465275,0.022877001242,4.9290743913,15,11.2825,0.11633406071,0.7521666666666668,0.24783333333,False,,,True,False,False,False,False,,False,,,,
insp_2019__M1__nbinom2,insp_2019,inspections,2019,none,M1,nbinom2,rs,True,,True,0,450,50,3292.6188477041,3325.4928283662,-1638.3094238521,8,1.1268825088,0.0079756703282,0.021019704476,152.7423561618,15,5.7135,0.079601363453,0.38089999999999996,0.6191,False,,,True,False,False,False,False,poisson,True,dispersion -> infinity (Poisson is NB2 at phi->inf),368.1479477789999,1.0,4.736373898466589e-82
insp_2019__M1__zip,insp_2019,inspections,2019,none,M1,zip,rs,True,,True,0,450,50,3606.3928137675,3639.2667944296,-1795.1964068838,8,1.1376606754,0.0092353694001,0.024254170488,1.0,15,8.4325,0.082338397366,0.5621666666666666,0.43783333333,False,,,True,False,False,False,False,,False,,,,
insp_2019__M1__zinb,insp_2019,inspections,2019,none,M1,zinb,rs,True,,True,0,450,50,3268.5438009208,3305.5270291657,-1625.2719004604,9,1.1255387059,0.0076719483095,0.022047010551,204.6472103401,15,9.289,0.089298525258,0.6192666666666666,0.38073333333,False,,,True,False,False,False,False,nbinom2,True,zero-inflation probability -> 0,26.075046783400012,1.0,3.284008795617807e-07
insp_2019__M1__zinb_re,insp_2019,inspections,2019,none,M1,zinb_re,rs,True,,True,0,450,50,3264.4758885742,3305.5683644019,-1622.2379442871,10,1.1262372382,0.0075420331697,0.021475055508,205.429743801,15,34.578,0.30213258687,2.3052,1.3052,False,,,True,True,False,True,False,zinb,True,zero-inflation random-effect variance -> 0,6.067912346600224,1.0,0.013765957346000286
insp_2019__M3__poisson,insp_2019,inspections,2019,none,M3,poisson,rs,True,,True,0,423,47,3556.1206472585,3608.7364855861,-1765.0603236292,13,0.62211275884,0.0098597485279,0.037724178806,1.0,4,1.3175,0.032731980788,0.329375,0.670625,False,,,True,False,False,False,False,,False,,,,
insp_2019__M3__nbinom1,insp_2019,inspections,2019,none,M3,nbinom1,rs,True,,True,0,423,47,3205.6428625867,3262.3060730933,-1588.8214312933,14,0.56747314209,0.0077092881895,0.033102932153,5.2289435632,4,4.7255,0.062773761617,1.181375,0.181375,False,,,True,False,False,False,False,,False,,,,
insp_2019__M3__nbinom2,insp_2019,inspections,2019,none,M3,nbinom2,rs,True,,True,0,423,47,3189.680260602,3246.3434711086,-1580.840130301,14,0.60699129041,0.0081302355116,0.034359743909,150.2321638806,4,1.639,0.035860598032,0.40975,0.59025,False,,,True,False,False,False,False,poisson,True,dispersion -> infinity (Poisson is NB2 at phi->inf),368.4403866563998,1.0,4.0904603270395454e-82
insp_2019__M3__zip,insp_2019,inspections,2019,none,M3,zip,rs,True,,True,0,423,47,3502.2002285373,3558.8634390439,-1737.1001142686,14,0.6206498017,0.0094302821219,0.039166840588,1.0,4,4.9,0.053107534353,1.225,0.225,False,,,True,False,False,False,False,,False,,,,
insp_2019__M3__zinb,insp_2019,inspections,2019,none,M3,zinb,rs,True,,True,0,423,47,3164.077835949,3224.7884186347,-1567.0389179745,15,0.60606956306,0.007830510659,0.035915343651,201.8128792112,4,5.2805,0.054363476423,1.320125,0.320125,False,,,True,False,False,False,False,nbinom2,True,zero-inflation probability -> 0,27.60242465300007,1.0,1.4899188397429016e-07
insp_2019__M3__zinb_re,insp_2019,inspections,2019,none,M3,zinb_re,rs,True,,True,0,423,47,3160.0468641422,3224.804819007,-1564.0234320711,16,0.60352626195,0.0076928448785,0.035327411579,202.4929587082,4,29.8915,0.28972976296,7.472875,6.472875,False,,,True,True,False,True,True,zinb,True,zero-inflation random-effect variance -> 0,6.030971806800153,1.0,0.014056992001098882
insp_2019__M2__zinb_re,insp_2019,inspections,2019,none,M2,zinb_re,rs,True,,True,0,423,47,3154.1323108006,3206.7481491282,-1564.0661554003,13,0.60673198237,0.0076680237129,0.035353959637,202.4407101021,4,31.1045,0.31018284378,7.776125,6.776125,False,,,False,False,False,False,False,,False,,,,
viol_off_2019__M1__poisson,viol_off_2019,violations,2019,offset,M1,poisson,rs,True,NA/NaN function evaluation,True,0,387,50,3123.1312199165,3150.8401927677,-1554.5656099582,7,0.86414590468,0.015283965054,0.057680750861,1.0,9,35.939,0.16361547761,3.9932222222222222,2.9932222222,False,,,True,False,False,False,False,,False,,,,
viol_off_2019__M1__nbinom1,viol_off_2019,violations,2019,offset,M1,nbinom1,rs,True,NA/NaN function evaluation,True,0,387,50,2541.2097185097,2572.8771160539,-1262.6048592548,8,0.74422108538,0.0096177163938,0.05878741668,10.0501338468,9,63.5175,0.20204518802,7.0575,6.0575,False,,,True,False,False,False,False,,False,,,,
viol_off_2019__M1__nbinom2,viol_off_2019,violations,2019,offset,M1,nbinom2,rs,True,,True,0,387,50,2453.483669979,2485.1510675232,-1218.7418349895,8,0.83929602817,0.0094707740172,0.051966178095,9.9418906731,9,42.075,0.16682956438,4.675000000000001,3.675,False,,,True,True,False,True,False,poisson,True,dispersion -> infinity (Poisson is NB2 at phi->inf),671.6475499374001,1.0,4.3783730491393556e-148
viol_off_2019__M1__zip,viol_off_2019,violations,2019,offset,M1,zip,rs,True,NA/NaN function evaluation,True,0,387,50,3125.0741358429,3156.7415333872,-1554.5370679215,8,0.86137132376,0.015318231635,0.058172011164,1.0,9,36.2685,0.16471876035,4.029833333333333,3.0298333333,False,,,True,False,False,False,False,,False,,,,
viol_off_2019__M1__zinb,viol_off_2019,violations,2019,offset,M1,zinb,rs,True,,True,0,387,50,2455.483670266,2491.1094925033,-1218.741835133,9,0.83929298401,0.0094707271779,0.051965711547,9.9419003221,9,42.2085,0.16869274583,4.6898333333333335,3.6898333333,True,|zi_intercept| > 15; se(zi_intercept) > 100; loglik matches non-ZI counterpart within 1e-4,,False,False,False,False,False,,False,,,,
viol_off_2019__M1__zinb_re,viol_off_2019,violations,2019,offset,M1,zinb_re,rs,True,,True,0,387,50,2455.483670266,2491.1094925033,-1218.741835133,9,0.83929298401,0.0094707271779,0.051965711547,9.9419003221,9,42.2085,0.16869274583,4.6898333333333335,3.6898333333,True,|zi_intercept| > 15; se(zi_intercept) > 100; loglik matches non-ZI counterpart within 1e-4,zinb,False,False,False,False,False,,False,,,,
viol_off_2019__M3__poisson,viol_off_2019,violations,2019,offset,M3,poisson,rs,True,NA/NaN function evaluation,True,0,375,47,3083.0372988459,3134.0873371835,-1528.5186494229,13,0.6941030821,0.016454130621,0.06375163495,1.0,7,29.2045,0.13863242532,4.172071428571429,3.1720714286,False,,,True,False,False,False,False,,False,,,,
viol_off_2019__M3__nbinom1,viol_off_2019,violations,2019,offset,M3,nbinom1,rs,True,NA/NaN function evaluation,True,0,375,47,2489.4478716768,2544.4248360403,-1230.7239358384,14,0.58925268651,0.0096105559926,0.063160789585,10.8297987435,7,55.014,0.17895086953,7.859142857142857,6.8591428571,False,,,True,False,False,False,False,,False,,,,
viol_off_2019__M3__nbinom2,viol_off_2019,violations,2019,offset,M3,nbinom2,rs,True,,True,0,375,47,2415.9695715772,2470.9465359408,-1193.9847857886,14,0.66363548555,0.010242050524,0.054265032425,9.8500928086,7,35.4505,0.14867019301,5.064357142857142,4.0643571429,False,,,True,True,False,True,True,poisson,True,dispersion -> infinity (Poisson is NB2 at phi->inf),669.0677272685998,1.0,1.5934826460352573e-147
viol_off_2019__M3__zip,viol_off_2019,violations,2019,offset,M3,zip,rs,True,NA/NaN function evaluation,True,0,375,47,3085.0372992376,3140.0142636012,-1528.5186496188,14,0.69410339822,0.016454152918,0.063751772936,1.0,7,28.903,0.13170789264,4.129,3.129,True,|zi_intercept| > 15; se(zi_intercept) > 100; loglik matches non-ZI counterpart within 1e-4,,False,False,False,False,False,,False,,,,
viol_off_2019__M3__zinb,viol_off_2019,violations,2019,offset,M3,zinb,rs,True,,True,0,375,47,2417.969571796,2476.8734621855,-1193.984785898,15,0.66363451665,0.01024202994,0.054264962454,9.8501172723,7,35.974,0.14927760683,5.139142857142857,4.1391428571,True,|zi_intercept| > 15; se(zi_intercept) > 100; loglik matches non-ZI counterpart within 1e-4,,False,False,False,False,False,,False,,,,
viol_off_2019__M3__zinb_re,viol_off_2019,violations,2019,offset,M3,zinb_re,rs,True,,True,0,375,47,2417.969571796,2476.8734621855,-1193.984785898,15,0.66363451665,0.01024202994,0.054264962454,9.8501172723,7,35.974,0.14927760683,5.139142857142857,4.1391428571,True,|zi_intercept| > 15; se(zi_intercept) > 100; loglik matches non-ZI counterpart within 1e-4,zinb,False,False,False,False,False,,False,,,,
viol_off_2019__M2__nbinom2,viol_off_2019,violations,2019,offset,M2,nbinom2,rs,True,,True,0,375,47,2421.0162813121,2464.2124675978,-1199.5081406561,11,0.81051712743,0.0096791662167,0.053420209023,9.714218264,7,37.4915,0.16063893148,5.355928571428572,4.3559285714,False,,,False,False,False,False,False,,False,,,,
viol_cov_2019__M1__poisson,viol_cov_2019,violations,2019,covariate,M1,poisson,rs,True,NA/NaN function evaluation,True,0,394,50,2902.362822624,2934.1736298983,-1443.181411312,8,0.85547840776,0.0079973753722,0.038046729281,1.0,10,21.29,0.14400110471,2.129,1.129,False,,,True,False,False,False,False,,False,,,,
viol_cov_2019__M1__nbinom1,viol_cov_2019,violations,2019,covariate,M1,nbinom1,rs,True,NA/NaN function evaluation,True,0,394,50,2478.7348983672,2514.5220565509,-1230.3674491836,9,0.60135395811,0.0050333419803,0.038249959116,7.9186471302,10,38.9035,0.18200317704,3.89035,2.89035,False,,,True,False,False,False,False,,False,,,,
viol_cov_2019__M1__nbinom2,viol_cov_2019,violations,2019,covariate,M1,nbinom2,rs,True,,True,0,394,50,2392.8422464342,2428.6294046179,-1187.4211232171,9,0.79860222266,0.002834402523,0.033449595715,17.4750384077,10,27.2435,0.15736100253,2.7243500000000003,1.72435,False,,,True,True,False,True,False,poisson,True,dispersion -> infinity (Poisson is NB2 at phi->inf),511.5205761897996,1.0,2.96061395213001e-113
viol_cov_2019__M1__zip,viol_cov_2019,violations,2019,covariate,M1,zip,rs,True,NA/NaN function evaluation,True,0,394,50,2904.3628229787,2940.1499811624,-1443.1814114894,9,0.8554812223,0.0079974602697,0.038046886267,1.0,10,21.153,0.14241993266,2.1153,1.1153,True,|zi_intercept| > 15; se(zi_intercept) > 100; loglik matches non-ZI counterpart within 1e-4,,False,False,False,False,False,,False,,,,
viol_cov_2019__M1__zinb,viol_cov_2019,violations,2019,covariate,M1,zinb,rs,True,,True,0,394,50,2394.8422466224,2434.6057557154,-1187.4211233112,10,0.79860078812,0.0028341797245,0.03344852522,17.4751014835,10,27.1865,0.1511813043,2.71865,1.71865,True,|zi_intercept| > 15; se(zi_intercept) > 100; loglik matches non-ZI counterpart within 1e-4,,False,False,False,False,False,,False,,,,
viol_cov_2019__M1__zinb_re,viol_cov_2019,violations,2019,covariate,M1,zinb_re,rs,True,,True,0,394,50,2394.8422466224,2434.6057557154,-1187.4211233112,10,0.79860078812,0.0028341797245,0.03344852522,17.4751014835,10,27.1865,0.1511813043,2.71865,1.71865,True,|zi_intercept| > 15; se(zi_intercept) > 100; loglik matches non-ZI counterpart within 1e-4,zinb,False,False,False,False,False,,False,,,,
viol_cov_2019__M3__poisson,viol_cov_2019,violations,2019,covariate,M3,poisson,rs,True,NA/NaN function evaluation,True,0,378,47,2838.2678380493,2893.356356788,-1405.1339190246,14,0.48440114004,0.0080077650413,0.028004814773,1.0,7,16.2275,0.10906337279,2.318214285714286,1.3182142857,False,,,True,False,False,False,False,,False,,,,
viol_cov_2019__M3__nbinom1,viol_cov_2019,violations,2019,covariate,M3,nbinom1,rs,True,NA/NaN function evaluation,True,0,378,47,2407.3232903264,2466.3467032607,-1188.6616451632,15,0.33078744073,0.0044663375992,0.025385608562,8.4919500023,7,32.0565,0.14348326592,4.5795,3.5795,False,,,True,False,False,False,False,,False,,,,
viol_cov_2019__M3__nbinom2,viol_cov_2019,violations,2019,covariate,M3,nbinom2,rs,True,,True,0,378,47,2328.6352117485,2387.6586246828,-1149.3176058743,15,0.44185821341,0.0026557951867,0.023511754919,17.3183993434,7,21.1235,0.11731370392,3.017642857142857,2.0176428571,False,,,True,True,False,True,True,poisson,True,dispersion -> infinity (Poisson is NB2 at phi->inf),511.6326263005999,1.0,2.7990008583833037e-113
viol_cov_2019__M3__zip,viol_cov_2019,violations,2019,covariate,M3,zip,rs,True,NA/NaN function evaluation,True,0,378,47,2840.2678383655,2899.2912512998,-1405.1339191828,15,0.48440002293,0.0080077522963,0.028004726296,1.0,7,16.0815,0.10704278562,2.2973571428571424,1.2973571429,True,|zi_intercept| > 15; se(zi_intercept) > 100; loglik matches non-ZI counterpart within 1e-4,,False,False,False,False,False,,False,,,,
viol_cov_2019__M3__zinb,viol_cov_2019,violations,2019,covariate,M3,zinb,rs,True,,True,0,378,47,2330.6352120711,2393.593519201,-1149.3176060356,16,0.44185699148,0.0026556094327,0.02351159387,17.3181220527,7,21.004,0.11620130538,3.000571428571429,2.0005714286,True,|zi_intercept| > 15; se(zi_intercept) > 100; loglik matches non-ZI counterpart within 1e-4,,False,False,False,False,False,,False,,,,
viol_cov_2019__M3__zinb_re,viol_cov_2019,violations,2019,covariate,M3,zinb_re,rs,True,,True,0,378,47,2330.6352120711,2393.593519201,-1149.3176060356,16,0.44185699148,0.0026556094327,0.02351159387,17.3181220527,7,21.004,0.11620130538,3.000571428571429,2.0005714286,True,|zi_intercept| > 15; se(zi_intercept) > 100; loglik matches non-ZI counterpart within 1e-4,zinb,False,False,False,False,False,,False,,,,
viol_cov_2019__M2__nbinom2,viol_cov_2019,violations,2019,covariate,M2,nbinom2,rs,True,,True,0,378,47,2334.2440548951,2381.4627852425,-1155.1220274475,12,0.58691845698,0.0025723825793,0.028301367457,17.2306359033,7,21.749,0.12589846986,3.1069999999999998,2.107,False,,,False,False,False,False,False,,False,,,,
