state,year,time,time2,time3,violations,inspections,log_violations,log_inspections,SPEND_APP_z,SPEND_WORK_z,lii_2017_z,dol_demand_met_pct_z,pct_flc_z,h2a_per_farmworker_z
Alabama,2011,-6,36,-216,5.0,23.0,1.791759469228055,3.1780538303479458,1.3346253880487904,0.9937203466137716,-0.07548607156301732,-0.0730918433578,0.3929489635335324,-0.3198548672616214
Alabama,2012,-5,25,-125,2.0,19.0,1.0986122886681098,2.995732273553991,1.3346253880487904,0.9937203466137716,-0.07548607156301732,-0.0730918433578,0.3929489635335324,-0.1476928258884992
Alabama,2013,-4,16,-64,1.0,24.0,0.6931471805599453,3.2188758248682006,1.3346253880487904,0.9937203466137716,-0.07548607156301732,-0.0730918433578,0.3929489635335324,-0.1297847064687571
Alabama,2014,-3,9,-27,1.0,22.0,0.6931471805599453,3.1354942159291497,1.3346253880487904,0.9937203466137716,-0.07548607156301732,-0.0730918433578,0.3929489635335324,-0.253464248352678
Alabama,2015,-2,4,-8,2.0,29.0,1.0986122886681098,3.4011973816621555,1.3346253880487904,0.9937203466137716,-0.07548607156301732,-0.0730918433578,0.3929489635335324,-0.2819450448674307
Alabama,2016,-1,1,-1,8.0,35.0,2.1972245773362196,3.58351893845611,1.3346253880487904,0.9937203466137716,-0.07548607156301732,-0.0730918433578,0.3929489635335324,-0.0936915137509596
Alabama,2017,0,0,0,4.0,33.0,1.6094379124341003,3.5263605246161616,1.3346253880487904,0.9937203466137716,-0.07548607156301732,-0.0730918433578,0.3929489635335324,-0.1436156356218063
Alabama,2018,1,1,1,3.0,32.0,1.3862943611198906,3.4965075614664802,1.3346253880487904,0.9937203466137716,-0.07548607156301732,-0.0730918433578,0.3929489635335324,-0.0040101884449706
Alabama,2019,2,4,8,3.0,21.0,1.3862943611198906,3.091042453358316,1.3346253880487904,0.9937203466137716,-0.07548607156301732,-0.0730918433578,0.3929489635335324,-0.2253826134755239
Alaska,2011,-6,36,-216,,0.0,,0.0,,4.68185916386757,5.291623428544293,-1.461134060969927,-1.1091756955850682,-0.5142107719680439
Alaska,2012,-5,25,-125,,0.0,,0.0,,4.68185916386757,5.291623428544293,-1.461134060969927,-1.1091756955850682,-0.5142107719680439
Alaska,2013,-4,16,-64,1.0,0.0,0.6931471805599453,0.0,,4.68185916386757,5.291623428544293,-1.461134060969927,-1.1091756955850682,-0.6125998107721841
Alaska,2014,-3,9,-27,1.0,0.0,0.6931471805599453,0.0,,4.68185916386757,5.291623428544293,-1.461134060969927,-1.1091756955850682,-0.6494957003237366
Alaska,2015,-2,4,-8,0.0,0.0,0.0,0.0,,4.68185916386757,5.291623428544293,-1.461134060969927,-1.1091756955850682,-0.6446882601215732
Alaska,2016,-1,1,-1,2.0,2.0,1.0986122886681098,1.0986122886681098,,4.68185916386757,5.291623428544293,-1.461134060969927,-1.1091756955850682,-0.6311452490905216
Alaska,2017,0,0,0,,0.0,,0.0,,4.68185916386757,5.291623428544293,-1.461134060969927,-1.1091756955850682,-0.60113796124671
Alaska,2018,1,1,1,,0.0,,0.0,,4.68185916386757,5.291623428544293,-1.461134060969927,-1.1091756955850682,-0.5323864569990377
Alaska,2019,2,4,8,,0.0,,0.0,,4.68185916386757,5.291623428544293,-1.461134060969927,-1.1091756955850682,-0.6235190875390557
Arizona,2011,-6,36,-216,3.0,8.0,1.3862943611198906,2.1972245773362196,-0.357374819772599,-0.5187793211830823,1.268515111691894,0.2080306310952877,0.3544329466330555,-0.6372934237404289
Arizona,2012,-5,25,-125,2.0,7.0,1.0986122886681098,2.0794415416798357,-0.357374819772599,-0.5187793211830823,1.268515111691894,0.2080306310952877,0.3544329466330555,-0.6295096057222443
Arizona,2013,-4,16,-64,3.0,14.0,1.3862943611198906,2.70805020110221,-0.357374819772599,-0.5187793211830823,1.268515111691894,0.2080306310952877,0.3544329466330555,-0.6160144299673226
Arizona,2014,-3,9,-27,2.0,16.0,1.0986122886681098,2.833213344056216,-0.357374819772599,-0.5187793211830823,1.268515111691894,0.2080306310952877,0.3544329466330555,-0.6033820652961224
Arizona,2015,-2,4,-8,6.0,31.0,1.9459101490553132,3.4657359027997265,-0.357374819772599,-0.5187793211830823,1.268515111691894,0.2080306310952877,0.3544329466330555,-0.6188850960941011
Arizona,2016,-1,1,-1,3.0,24.0,1.3862943611198906,3.2188758248682006,-0.357374819772599,-0.5187793211830823,1.268515111691894,0.2080306310952877,0.3544329466330555,-0.5877456808101453
Arizona,2017,0,0,0,12.0,31.0,2.5649493574615367,3.4657359027997265,-0.357374819772599,-0.5187793211830823,1.268515111691894,0.2080306310952877,0.3544329466330555,-0.5551330874583869
Arizona,2018,1,1,1,9.0,21.0,2.302585092994046,3.091042453358316,-0.357374819772599,-0.5187793211830823,1.268515111691894,0.2080306310952877,0.3544329466330555,-0.5150056269985539
Arizona,2019,2,4,8,8.0,24.0,2.1972245773362196,3.2188758248682006,-0.357374819772599,-0.5187793211830823,1.268515111691894,0.2080306310952877,0.3544329466330555,-0.5603085238582456
Arkansas,2011,-6,36,-216,3.0,36.0,1.3862943611198906,3.6109179126442243,0.6020021141440565,0.111576244684545,-0.6914419283602421,0.6121441881216078,-0.8951978239157519,0.3190191290495832
Arkansas,2012,-5,25,-125,,27.0,,3.332204510175204,0.6020021141440565,0.111576244684545,-0.6914419283602421,0.6121441881216078,-0.8951978239157519,0.3697884545393827
Arkansas,2013,-4,16,-64,2.0,17.0,1.0986122886681098,2.8903717578961645,0.6020021141440565,0.111576244684545,-0.6914419283602421,0.6121441881216078,-0.8951978239157519,-0.0550976890422909
Arkansas,2014,-3,9,-27,2.0,18.0,1.0986122886681098,2.9444389791664403,0.6020021141440565,0.111576244684545,-0.6914419283602421,0.6121441881216078,-0.8951978239157519,-0.1466021541672716
Arkansas,2015,-2,4,-8,1.0,23.0,0.6931471805599453,3.1780538303479458,0.6020021141440565,0.111576244684545,-0.6914419283602421,0.6121441881216078,-0.8951978239157519,-0.3000154430751831
Arkansas,2016,-1,1,-1,4.0,20.0,1.6094379124341003,3.044522437723423,0.6020021141440565,0.111576244684545,-0.6914419283602421,0.6121441881216078,-0.8951978239157519,-0.0860236466285091
Arkansas,2017,0,0,0,7.0,36.0,2.0794415416798357,3.6109179126442243,0.6020021141440565,0.111576244684545,-0.6914419283602421,0.6121441881216078,-0.8951978239157519,0.0862186092028882
Arkansas,2018,1,1,1,4.0,16.0,1.6094379124341003,2.833213344056216,0.6020021141440565,0.111576244684545,-0.6914419283602421,0.6121441881216078,-0.8951978239157519,0.750502691664
Arkansas,2019,2,4,8,6.0,14.0,1.9459101490553132,2.70805020110221,0.6020021141440565,0.111576244684545,-0.6914419283602421,0.6121441881216078,-0.8951978239157519,1.4603295563990115
California,2011,-6,36,-216,17.0,59.0,2.8903717578961645,4.0943445622221,-0.4722667776522052,-0.5377360505201996,1.7740038972160197,0.22560078574860784,1.7024935381497481,-0.6928794293528202
California,2012,-5,25,-125,8.0,52.0,2.1972245773362196,3.970291913552122,-0.4722667776522052,-0.5377360505201996,1.7740038972160197,0.22560078574860784,1.7024935381497481,-0.6913080798060964
California,2013,-4,16,-64,9.0,56.0,2.302585092994046,4.04305126783455,-0.4722667776522052,-0.5377360505201996,1.7740038972160197,0.22560078574860784,1.7024935381497481,-0.6889068731481574
California,2014,-3,9,-27,9.0,55.0,2.302585092994046,4.02535169073515,-0.4722667776522052,-0.5377360505201996,1.7740038972160197,0.22560078574860784,1.7024935381497481,-0.6867950705196725
California,2015,-2,4,-8,21.0,65.0,3.091042453358316,4.189654742026425,-0.4722667776522052,-0.5377360505201996,1.7740038972160197,0.22560078574860784,1.7024935381497481,-0.6828731479798431
California,2016,-1,1,-1,46.0,68.0,3.8501476017100584,4.23410650459726,-0.4722667776522052,-0.5377360505201996,1.7740038972160197,0.22560078574860784,1.7024935381497481,-0.6798017638016013
California,2017,0,0,0,44.0,62.0,3.8066624897703196,4.143134726391533,-0.4722667776522052,-0.5377360505201996,1.7740038972160197,0.22560078574860784,1.7024935381497481,-0.6754772066925752
California,2018,1,1,1,63.0,66.0,4.1588830833596715,4.204692619390966,-0.4722667776522052,-0.5377360505201996,1.7740038972160197,0.22560078574860784,1.7024935381497481,-0.6715425747613509
California,2019,2,4,8,47.0,70.0,3.871201010907891,4.2626798770413155,-0.4722667776522052,-0.5377360505201996,1.7740038972160197,0.22560078574860784,1.7024935381497481,-0.6667433413603956
Colorado,2011,-6,36,-216,6.0,22.0,1.9459101490553132,3.1354942159291497,-0.3291140006826004,-0.4733347715368682,-0.4181504358758386,0.7219576547048424,-0.6512630502127313,-0.5039216920425231
Colorado,2012,-5,25,-125,8.0,107.0,2.1972245773362196,4.68213122712422,-0.3291140006826004,-0.4733347715368682,-0.4181504358758386,0.7219576547048424,-0.6512630502127313,-0.5537604736443964
Colorado,2013,-4,16,-64,1.0,51.0,0.6931471805599453,3.9512437185814275,-0.3291140006826004,-0.4733347715368682,-0.4181504358758386,0.7219576547048424,-0.6512630502127313,-0.5345641703644017
Colorado,2014,-3,9,-27,1.0,25.0,0.6931471805599453,3.258096538021482,-0.3291140006826004,-0.4733347715368682,-0.4181504358758386,0.7219576547048424,-0.6512630502127313,-0.5160991548284068
Colorado,2015,-2,4,-8,2.0,25.0,1.0986122886681098,3.258096538021482,-0.3291140006826004,-0.4733347715368682,-0.4181504358758386,0.7219576547048424,-0.6512630502127313,-0.5290817869934025
Colorado,2016,-1,1,-1,2.0,54.0,1.0986122886681098,4.007333185232471,-0.3291140006826004,-0.4733347715368682,-0.4181504358758386,0.7219576547048424,-0.6512630502127313,-0.4692225241839048
Colorado,2017,0,0,0,5.0,43.0,1.791759469228055,3.784189633918261,-0.3291140006826004,-0.4733347715368682,-0.4181504358758386,0.7219576547048424,-0.6512630502127313,-0.4916052072055697
Colorado,2018,1,1,1,1.0,44.0,0.6931471805599453,3.8066624897703196,-0.3291140006826004,-0.4733347715368682,-0.4181504358758386,0.7219576547048424,-0.6512630502127313,-0.5115644541900938
Colorado,2019,2,4,8,17.0,40.0,2.8903717578961645,3.713572066704308,-0.3291140006826004,-0.4733347715368682,-0.4181504358758386,0.7219576547048424,-0.6512630502127313,-0.4383830719897972
Connecticut,2011,-6,36,-216,5.0,7.0,1.791759469228055,2.0794415416798357,-0.693446557015865,-0.5246888619508672,0.8264537434697294,1.350090683560963,-0.34741447244230206,-0.4641077105922838
Connecticut,2012,-5,25,-125,9.0,9.0,2.302585092994046,2.302585092994046,-0.693446557015865,-0.5246888619508672,0.8264537434697294,1.350090683560963,-0.34741447244230206,-0.3385675611685309
Connecticut,2013,-4,16,-64,6.0,4.0,1.9459101490553132,1.6094379124341003,-0.693446557015865,-0.5246888619508672,0.8264537434697294,1.350090683560963,-0.34741447244230206,-0.4415831379805603
Connecticut,2014,-3,9,-27,6.0,7.0,1.9459101490553132,2.0794415416798357,-0.693446557015865,-0.5246888619508672,0.8264537434697294,1.350090683560963,-0.34741447244230206,-0.5535409994998999
Connecticut,2015,-2,4,-8,3.0,5.0,1.3862943611198906,1.791759469228055,-0.693446557015865,-0.5246888619508672,0.8264537434697294,1.350090683560963,-0.34741447244230206,-0.5267213084179487
Connecticut,2016,-1,1,-1,1.0,5.0,0.6931471805599453,1.791759469228055,-0.693446557015865,-0.5246888619508672,0.8264537434697294,1.350090683560963,-0.34741447244230206,-0.5864446062128412
Connecticut,2017,0,0,0,4.0,4.0,1.6094379124341003,1.6094379124341003,-0.693446557015865,-0.5246888619508672,0.8264537434697294,1.350090683560963,-0.34741447244230206,-0.5803939728961192
Connecticut,2018,1,1,1,5.0,3.0,1.791759469228055,1.3862943611198906,-0.693446557015865,-0.5246888619508672,0.8264537434697294,1.350090683560963,-0.34741447244230206,-0.5020797048587501
Connecticut,2019,2,4,8,9.0,13.0,2.302585092994046,2.6390573296152584,-0.693446557015865,-0.5246888619508672,0.8264537434697294,1.350090683560963,-0.34741447244230206,-0.4211362053536337
Delaware,2011,-6,36,-216,6.0,7.0,1.9459101490553132,2.0794415416798357,0.6629934021270741,0.7197619118253278,-0.30420030108342955,-1.166833970526846,2.0833741497211307,-0.5076014319567735
Delaware,2012,-5,25,-125,2.0,6.0,1.0986122886681098,1.9459101490553132,0.6629934021270741,0.7197619118253278,-0.30420030108342955,-1.166833970526846,2.0833741497211307,-0.4976874219398677
Delaware,2013,-4,16,-64,,11.0,,2.4849066497880004,0.6629934021270741,0.7197619118253278,-0.30420030108342955,-1.166833970526846,2.0833741497211307,-0.4976874219398677
Delaware,2014,-3,9,-27,,7.0,,2.0794415416798357,0.6629934021270741,0.7197619118253278,-0.30420030108342955,-1.166833970526846,2.0833741497211307,-0.5373434620074906
Delaware,2015,-2,4,-8,3.0,6.0,1.3862943611198906,1.9459101490553132,0.6629934021270741,0.7197619118253278,-0.30420030108342955,-1.166833970526846,2.0833741497211307,0.1219382041167397
Delaware,2016,-1,1,-1,6.0,12.0,1.9459101490553132,2.5649493574615367,0.6629934021270741,0.7197619118253278,-0.30420030108342955,-1.166833970526846,2.0833741497211307,0.1136765291026516
Delaware,2017,0,0,0,6.0,6.0,1.9459101490553132,1.9459101490553132,0.6629934021270741,0.7197619118253278,-0.30420030108342955,-1.166833970526846,2.0833741497211307,0.1869988948526835
Delaware,2018,1,1,1,10.0,8.0,2.3978952727983707,2.1972245773362196,0.6629934021270741,0.7197619118253278,-0.30420030108342955,-1.166833970526846,2.0833741497211307,-0.0972135962569655
Delaware,2019,2,4,8,2.0,6.0,1.0986122886681098,1.9459101490553132,0.6629934021270741,0.7197619118253278,-0.30420030108342955,-1.166833970526846,2.0833741497211307,0.7610377784208407
Florida,2011,-6,36,-216,24.0,64.0,3.2188758248682006,4.174387269895637,-0.7553798415542421,-0.5347936819240708,-0.4517781928622717,0.07186193253207497,1.2060648758769343,-0.6353667582372499
Florida,2012,-5,25,-125,30.0,86.0,3.4339872044851463,4.465908118654584,-0.7553798415542421,-0.5347936819240708,-0.4517781928622717,0.07186193253207497,1.2060648758769343,-0.6245731805863498
Florida,2013,-4,16,-64,22.0,81.0,3.1354942159291497,4.406719247264253,-0.7553798415542421,-0.5347936819240708,-0.4517781928622717,0.07186193253207497,1.2060648758769343,-0.5769844034188084
Florida,2014,-3,9,-27,22.0,90.0,3.1354942159291497,4.51085950651685,-0.7553798415542421,-0.5347936819240708,-0.4517781928622717,0.07186193253207497,1.2060648758769343,-0.4916533318504546
Florida,2015,-2,4,-8,25.0,119.0,3.258096538021482,4.787491742782046,-0.7553798415542421,-0.5347936819240708,-0.4517781928622717,0.07186193253207497,1.2060648758769343,-0.3924229674600258
Florida,2016,-1,1,-1,34.0,70.0,3.5553480614894135,4.2626798770413155,-0.7553798415542421,-0.5347936819240708,-0.4517781928622717,0.07186193253207497,1.2060648758769343,-0.2721529768361773
Florida,2017,0,0,0,60.0,36.0,4.110873864173311,3.6109179126442243,-0.7553798415542421,-0.5347936819240708,-0.4517781928622717,0.07186193253207497,1.2060648758769343,-0.2226578195274813
Florida,2018,1,1,1,19.0,67.0,2.995732273553991,4.219507705176107,-0.7553798415542421,-0.5347936819240708,-0.4517781928622717,0.07186193253207497,1.2060648758769343,0.011625098281957
Florida,2019,2,4,8,19.0,52.0,2.995732273553991,3.970291913552122,-0.7553798415542421,-0.5347936819240708,-0.4517781928622717,0.07186193253207497,1.2060648758769343,0.1309710781887467
Georgia,2011,-6,36,-216,18.0,66.0,2.9444389791664403,4.204692619390966,-0.7314996108951195,-0.5241817280091488,-0.12222106717528743,-0.4332800137508175,1.783805129384088,0.0144318507688591
Georgia,2012,-5,25,-125,18.0,83.0,2.9444389791664403,4.430816798843313,-0.7314996108951195,-0.5241817280091488,-0.12222106717528743,-0.4332800137508175,1.783805129384088,-0.1059308603869991
Georgia,2013,-4,16,-64,17.0,64.0,2.8903717578961645,4.174387269895637,-0.7314996108951195,-0.5241817280091488,-0.12222106717528743,-0.4332800137508175,1.783805129384088,-0.0425379759553975
Georgia,2014,-3,9,-27,17.0,62.0,2.8903717578961645,4.143134726391533,-0.7314996108951195,-0.5241817280091488,-0.12222106717528743,-0.4332800137508175,1.783805129384088,0.0654834248538044
Georgia,2015,-2,4,-8,8.0,54.0,2.1972245773362196,4.007333185232471,-0.7314996108951195,-0.5241817280091488,-0.12222106717528743,-0.4332800137508175,1.783805129384088,0.4872727344272209
Georgia,2016,-1,1,-1,38.0,54.0,3.6635616461296463,4.007333185232471,-0.7314996108951195,-0.5241817280091488,-0.12222106717528743,-0.4332800137508175,1.783805129384088,0.5755992082089226
Georgia,2017,0,0,0,26.0,53.0,3.295836866004329,3.9889840465642745,-0.7314996108951195,-0.5241817280091488,-0.12222106717528743,-0.4332800137508175,1.783805129384088,1.001371768116381
Georgia,2018,1,1,1,12.0,45.0,2.5649493574615367,3.828641396489095,-0.7314996108951195,-0.5241817280091488,-0.12222106717528743,-0.4332800137508175,1.783805129384088,1.8107278479340232
Georgia,2019,2,4,8,18.0,58.0,2.9444389791664403,4.07753744390572,-0.7314996108951195,-0.5241817280091488,-0.12222106717528743,-0.4332800137508175,1.783805129384088,1.8415714346532857
Hawaii,2011,-6,36,-216,2.0,15.0,1.0986122886681098,2.772588722239781,-0.7942603674449609,-0.544197502391616,1.5577121861369192,-1.7202938421063634,0.23888489593162462,-0.5952784580437834
Hawaii,2012,-5,25,-125,,3.0,,1.3862943611198906,-0.7942603674449609,-0.544197502391616,1.5577121861369192,-1.7202938421063634,0.23888489593162462,-0.6667033758425376
Hawaii,2013,-4,16,-64,,9.0,,2.302585092994046,-0.7942603674449609,-0.544197502391616,1.5577121861369192,-1.7202938421063634,0.23888489593162462,-0.676226061633853
Hawaii,2014,-3,9,-27,,6.0,,1.9459101490553132,-0.7942603674449609,-0.544197502391616,1.5577121861369192,-1.7202938421063634,0.23888489593162462,-0.6852274447596676
Hawaii,2015,-2,4,-8,,6.0,,1.9459101490553132,-0.7942603674449609,-0.544197502391616,1.5577121861369192,-1.7202938421063634,0.23888489593162462,-0.6772619430008016
Hawaii,2016,-1,1,-1,4.0,10.0,1.6094379124341003,2.3978952727983707,-0.7942603674449609,-0.544197502391616,1.5577121861369192,-1.7202938421063634,0.23888489593162462,-0.6665714297859943
Hawaii,2017,0,0,0,2.0,18.0,1.0986122886681098,2.9444389791664403,-0.7942603674449609,-0.544197502391616,1.5577121861369192,-1.7202938421063634,0.23888489593162462,-0.635657394675139
Hawaii,2018,1,1,1,3.0,10.0,1.3862943611198906,2.3978952727983707,-0.7942603674449609,-0.544197502391616,1.5577121861369192,-1.7202938421063634,0.23888489593162462,-0.6266707155271615
Hawaii,2019,2,4,8,2.0,5.0,1.0986122886681098,1.791759469228055,-0.7942603674449609,-0.544197502391616,1.5577121861369192,-1.7202938421063634,0.23888489593162462,-0.6075301465589936
Idaho,2011,-6,36,-216,2.0,4.0,1.0986122886681098,1.6094379124341003,0.6855419574164758,-0.1845283349233351,-0.5120195032761663,0.8844815852480375,-0.9379933982496151,-0.3556898826352285
Idaho,2012,-5,25,-125,3.0,4.0,1.3862943611198906,1.6094379124341003,0.6855419574164758,-0.1845283349233351,-0.5120195032761663,0.8844815852480375,-0.9379933982496151,-0.3785115230839502
Idaho,2013,-4,16,-64,4.0,13.0,1.6094379124341003,2.6390573296152584,0.6855419574164758,-0.1845283349233351,-0.5120195032761663,0.8844815852480375,-0.9379933982496151,-0.4264624144086185
Idaho,2014,-3,9,-27,4.0,13.0,1.6094379124341003,2.6390573296152584,0.6855419574164758,-0.1845283349233351,-0.5120195032761663,0.8844815852480375,-0.9379933982496151,-0.399686863152064
Idaho,2015,-2,4,-8,2.0,4.0,1.0986122886681098,1.6094379124341003,0.6855419574164758,-0.1845283349233351,-0.5120195032761663,0.8844815852480375,-0.9379933982496151,-0.3143106353526573
Idaho,2016,-1,1,-1,1.0,10.0,0.6931471805599453,2.3978952727983707,0.6855419574164758,-0.1845283349233351,-0.5120195032761663,0.8844815852480375,-0.9379933982496151,-0.3507165716892478
Idaho,2017,0,0,0,9.0,4.0,2.302585092994046,1.6094379124341003,0.6855419574164758,-0.1845283349233351,-0.5120195032761663,0.8844815852480375,-0.9379933982496151,-0.265704220259235
Idaho,2018,1,1,1,4.0,10.0,1.6094379124341003,2.3978952727983707,0.6855419574164758,-0.1845283349233351,-0.5120195032761663,0.8844815852480375,-0.9379933982496151,-0.2476223394921713
Idaho,2019,2,4,8,6.0,5.0,1.9459101490553132,1.791759469228055,0.6855419574164758,-0.1845283349233351,-0.5120195032761663,0.8844815852480375,-0.9379933982496151,-0.1719576203523116
Illinois,2011,-6,36,-216,18.0,29.0,2.9444389791664403,3.4011973816621555,-0.7875840274711997,-0.5390287110057939,-0.9704143603230264,-0.7056174108772473,1.7367299976168387,-0.6054069538543241
Illinois,2012,-5,25,-125,12.0,44.0,2.5649493574615367,3.8066624897703196,-0.7875840274711997,-0.5390287110057939,-0.9704143603230264,-0.7056174108772473,1.7367299976168387,-0.5796115765705857
Illinois,2013,-4,16,-64,16.0,24.0,2.833213344056216,3.2188758248682006,-0.7875840274711997,-0.5390287110057939,-0.9704143603230264,-0.7056174108772473,1.7367299976168387,-0.5872249469616603
Illinois,2014,-3,9,-27,16.0,44.0,2.833213344056216,3.8066624897703196,-0.7875840274711997,-0.5390287110057939,-0.9704143603230264,-0.7056174108772473,1.7367299976168387,-0.6053600717136389
Illinois,2015,-2,4,-8,22.0,30.0,3.1354942159291497,3.4339872044851463,-0.7875840274711997,-0.5390287110057939,-0.9704143603230264,-0.7056174108772473,1.7367299976168387,-0.6208699246780127
Illinois,2016,-1,1,-1,36.0,35.0,3.6109179126442243,3.58351893845611,-0.7875840274711997,-0.5390287110057939,-0.9704143603230264,-0.7056174108772473,1.7367299976168387,-0.5541794159551188
Illinois,2017,0,0,0,84.0,17.0,4.442651256490317,2.8903717578961645,-0.7875840274711997,-0.5390287110057939,-0.9704143603230264,-0.7056174108772473,1.7367299976168387,-0.3988533097342953
Illinois,2018,1,1,1,33.0,20.0,3.5263605246161616,3.044522437723423,-0.7875840274711997,-0.5390287110057939,-0.9704143603230264,-0.7056174108772473,1.7367299976168387,-0.3925647295192295
Illinois,2019,2,4,8,38.0,15.0,3.6635616461296463,2.772588722239781,-0.7875840274711997,-0.5390287110057939,-0.9704143603230264,-0.7056174108772473,1.7367299976168387,-0.4291397166974547
Indiana,2011,-6,36,-216,2.0,32.0,1.0986122886681098,3.4965075614664802,0.0309015387110829,0.2019346619741475,-0.5635043585654747,-1.404031058346644,2.2032017578559486,-0.6586332174674827
Indiana,2012,-5,25,-125,10.0,30.0,2.3978952727983707,3.4339872044851463,0.0309015387110829,0.2019346619741475,-0.5635043585654747,-1.404031058346644,2.2032017578559486,-0.5669728328534702
Indiana,2013,-4,16,-64,4.0,29.0,1.6094379124341003,3.4011973816621555,0.0309015387110829,0.2019346619741475,-0.5635043585654747,-1.404031058346644,2.2032017578559486,-0.5557206513071207
Indiana,2014,-3,9,-27,4.0,29.0,1.6094379124341003,3.4011973816621555,0.0309015387110829,0.2019346619741475,-0.5635043585654747,-1.404031058346644,2.2032017578559486,-0.5269952617708663
Indiana,2015,-2,4,-8,10.0,28.0,2.3978952727983707,3.367295829986474,0.0309015387110829,0.2019346619741475,-0.5635043585654747,-1.404031058346644,2.2032017578559486,-0.4795687139779365
Indiana,2016,-1,1,-1,14.0,19.0,2.70805020110221,2.995732273553991,0.0309015387110829,0.2019346619741475,-0.5635043585654747,-1.404031058346644,2.2032017578559486,-0.3166990995382168
Indiana,2017,0,0,0,37.0,11.0,3.6375861597263857,2.4849066497880004,0.0309015387110829,0.2019346619741475,-0.5635043585654747,-1.404031058346644,2.2032017578559486,-0.2266511803486549
Indiana,2018,1,1,1,14.0,14.0,2.70805020110221,2.70805020110221,0.0309015387110829,0.2019346619741475,-0.5635043585654747,-1.404031058346644,2.2032017578559486,-0.0003616735508266
Indiana,2019,2,4,8,20.0,11.0,3.044522437723423,2.4849066497880004,0.0309015387110829,0.2019346619741475,-0.5635043585654747,-1.404031058346644,2.2032017578559486,0.0941618829486849
Iowa,2011,-6,36,-216,2.0,16.0,1.0986122886681098,2.833213344056216,-0.7715166926067936,-0.511147166540224,-0.6674178645777038,-0.17851277127771226,2.241717774756425,-0.2467867068966383
Iowa,2012,-5,25,-125,11.0,18.0,2.4849066497880004,2.9444389791664403,-0.7715166926067936,-0.511147166540224,-0.6674178645777038,-0.17851277127771226,2.241717774756425,-0.4216955998763215
Iowa,2013,-4,16,-64,13.0,22.0,2.6390573296152584,3.1354942159291497,-0.7715166926067936,-0.511147166540224,-0.6674178645777038,-0.17851277127771226,2.241717774756425,-0.4060579354199815
Iowa,2014,-3,9,-27,13.0,17.0,2.6390573296152584,2.8903717578961645,-0.7715166926067936,-0.511147166540224,-0.6674178645777038,-0.17851277127771226,2.241717774756425,-0.3977646367694758
Iowa,2015,-2,4,-8,4.0,6.0,1.6094379124341003,1.9459101490553132,-0.7715166926067936,-0.511147166540224,-0.6674178645777038,-0.17851277127771226,2.241717774756425,-0.0936029958043801
Iowa,2016,-1,1,-1,2.0,12.0,1.0986122886681098,2.5649493574615367,-0.7715166926067936,-0.511147166540224,-0.6674178645777038,-0.17851277127771226,2.241717774756425,0.0894989801643643
Iowa,2017,0,0,0,15.0,10.0,2.772588722239781,2.3978952727983707,-0.7715166926067936,-0.511147166540224,-0.6674178645777038,-0.17851277127771226,2.241717774756425,0.1572204162357277
Iowa,2018,1,1,1,50.0,5.0,3.9318256327243257,1.791759469228055,-0.7715166926067936,-0.511147166540224,-0.6674178645777038,-0.17851277127771226,2.241717774756425,0.036960975400405
Iowa,2019,2,4,8,37.0,3.0,3.6375861597263857,1.3862943611198906,-0.7715166926067936,-0.511147166540224,-0.6674178645777038,-0.17851277127771226,2.241717774756425,-0.0168926004906288
Kansas,2011,-6,36,-216,2.0,13.0,1.0986122886681098,2.6390573296152584,-0.7637799286216692,-0.504146675062248,-0.8926015992510837,0.22560078574861223,0.8123455920053922,0.4703055005441213
Kansas,2012,-5,25,-125,14.0,16.0,2.70805020110221,2.833213344056216,-0.7637799286216692,-0.504146675062248,-0.8926015992510837,0.22560078574861223,0.8123455920053922,-0.2293895258573566
Kansas,2013,-4,16,-64,2.0,16.0,1.0986122886681098,2.833213344056216,-0.7637799286216692,-0.504146675062248,-0.8926015992510837,0.22560078574861223,0.8123455920053922,-0.3398725686095318
Kansas,2014,-3,9,-27,2.0,15.0,1.0986122886681098,2.772588722239781,-0.7637799286216692,-0.504146675062248,-0.8926015992510837,0.22560078574861223,0.8123455920053922,-0.4606894860072123
Kansas,2015,-2,4,-8,8.0,1.0,2.1972245773362196,0.6931471805599453,-0.7637799286216692,-0.504146675062248,-0.8926015992510837,0.22560078574861223,0.8123455920053922,-0.3918592991403582
Kansas,2016,-1,1,-1,7.0,6.0,2.0794415416798357,1.9459101490553132,-0.7637799286216692,-0.504146675062248,-0.8926015992510837,0.22560078574861223,0.8123455920053922,-0.3951155490726509
Kansas,2017,0,0,0,23.0,21.0,3.1780538303479458,3.091042453358316,-0.7637799286216692,-0.504146675062248,-0.8926015992510837,0.22560078574861223,0.8123455920053922,-0.3699492159528132
Kansas,2018,1,1,1,49.0,14.0,3.912023005428146,2.70805020110221,-0.7637799286216692,-0.504146675062248,-0.8926015992510837,0.22560078574861223,0.8123455920053922,-0.2904333332243817
Kansas,2019,2,4,8,40.0,16.0,3.713572066704308,2.833213344056216,-0.7637799286216692,-0.504146675062248,-0.8926015992510837,0.22560078574861223,0.8123455920053922,-0.0155596729034407
Kentucky,2011,-6,36,-216,,19.0,,2.995732273553991,2.8128279000164027,0.6726062497685125,-0.07487562483645753,1.033827899801235,-0.9593911854165468,1.1710418422338331
Kentucky,2012,-5,25,-125,1.0,4.0,0.6931471805599453,1.6094379124341003,2.8128279000164027,0.6726062497685125,-0.07487562483645753,1.033827899801235,-0.9593911854165468,0.7884463474219677
Kentucky,2013,-4,16,-64,,4.0,,1.6094379124341003,2.8128279000164027,0.6726062497685125,-0.07487562483645753,1.033827899801235,-0.9593911854165468,0.9186390646419688
Kentucky,2014,-3,9,-27,,17.0,,2.8903717578961645,2.8128279000164027,0.6726062497685125,-0.07487562483645753,1.033827899801235,-0.9593911854165468,1.0300410804075368
Kentucky,2015,-2,4,-8,1.0,16.0,0.6931471805599453,2.833213344056216,2.8128279000164027,0.6726062497685125,-0.07487562483645753,1.033827899801235,-0.9593911854165468,1.0774800206397803
Kentucky,2016,-1,1,-1,1.0,16.0,0.6931471805599453,2.833213344056216,2.8128279000164027,0.6726062497685125,-0.07487562483645753,1.033827899801235,-0.9593911854165468,1.5745416312559324
Kentucky,2017,0,0,0,2.0,28.0,1.0986122886681098,3.367295829986474,2.8128279000164027,0.6726062497685125,-0.07487562483645753,1.033827899801235,-0.9593911854165468,1.9252258118346264
Kentucky,2018,1,1,1,2.0,15.0,1.0986122886681098,2.772588722239781,2.8128279000164027,0.6726062497685125,-0.07487562483645753,1.033827899801235,-0.9593911854165468,1.3980916046262146
Kentucky,2019,2,4,8,,1.0,,0.6931471805599453,2.8128279000164027,0.6726062497685125,-0.07487562483645753,1.033827899801235,-0.9593911854165468,1.787014103341628
Louisiana,2011,-6,36,-216,6.0,32.0,1.9459101490553132,3.4965075614664802,0.5442875567277459,0.2366557523282382,-0.38761790380299277,0.4584053349050749,-0.1719526176734628,3.3408274138610223
Louisiana,2012,-5,25,-125,1.0,20.0,0.6931471805599453,3.044522437723423,0.5442875567277459,0.2366557523282382,-0.38761790380299277,0.4584053349050749,-0.1719526176734628,2.34476360790718
Louisiana,2013,-4,16,-64,,29.0,,3.4011973816621555,0.5442875567277459,0.2366557523282382,-0.38761790380299277,0.4584053349050749,-0.1719526176734628,2.5703773909307936
Louisiana,2014,-3,9,-27,,28.0,,3.367295829986474,0.5442875567277459,0.2366557523282382,-0.38761790380299277,0.4584053349050749,-0.1719526176734628,2.5083820439004736
Louisiana,2015,-2,4,-8,2.0,38.0,1.0986122886681098,3.6635616461296463,0.5442875567277459,0.2366557523282382,-0.38761790380299277,0.4584053349050749,-0.1719526176734628,2.851896053317415
Louisiana,2016,-1,1,-1,1.0,30.0,0.6931471805599453,3.4339872044851463,0.5442875567277459,0.2366557523282382,-0.38761790380299277,0.4584053349050749,-0.1719526176734628,2.434456146696491
Louisiana,2017,0,0,0,4.0,27.0,1.6094379124341003,3.332204510175204,0.5442875567277459,0.2366557523282382,-0.38761790380299277,0.4584053349050749,-0.1719526176734628,1.223470925777721
Louisiana,2018,1,1,1,2.0,28.0,1.0986122886681098,3.367295829986474,0.5442875567277459,0.2366557523282382,-0.38761790380299277,0.4584053349050749,-0.1719526176734628,0.9607156305470526
Louisiana,2019,2,4,8,3.0,10.0,1.3862943611198906,2.3978952727983707,0.5442875567277459,0.2366557523282382,-0.38761790380299277,0.4584053349050749,-0.1719526176734628,1.4551419930180731
Maine,2011,-6,36,-216,,10.0,,2.3978952727983707,0.9211520396360134,0.434692684949326,0.07267336362272252,0.4144799482717723,-0.5656719015450048,-0.224323175150188
Maine,2012,-5,25,-125,,7.0,,2.0794415416798357,0.9211520396360134,0.434692684949326,0.07267336362272252,0.4144799482717723,-0.5656719015450048,-0.2274506972855021
Maine,2013,-4,16,-64,,9.0,,2.302585092994046,0.9211520396360134,0.434692684949326,0.07267336362272252,0.4144799482717723,-0.5656719015450048,-0.1720634722466712
Maine,2014,-3,9,-27,,5.0,,1.791759469228055,0.9211520396360134,0.434692684949326,0.07267336362272252,0.4144799482717723,-0.5656719015450048,-0.1672204213763437
Maine,2015,-2,4,-8,0.0,4.0,0.0,1.6094379124341003,0.9211520396360134,0.434692684949326,0.07267336362272252,0.4144799482717723,-0.5656719015450048,-0.1064380980584098
Maine,2016,-1,1,-1,1.0,4.0,0.6931471805599453,1.6094379124341003,0.9211520396360134,0.434692684949326,0.07267336362272252,0.4144799482717723,-0.5656719015450048,0.1715082542012683
Maine,2017,0,0,0,1.0,2.0,0.6931471805599453,1.0986122886681098,0.9211520396360134,0.434692684949326,0.07267336362272252,0.4144799482717723,-0.5656719015450048,-0.0313617655891171
Maine,2018,1,1,1,1.0,1.0,0.6931471805599453,0.6931471805599453,0.9211520396360134,0.434692684949326,0.07267336362272252,0.4144799482717723,-0.5656719015450048,-0.0365089202605927
Maine,2019,2,4,8,3.0,1.0,1.3862943611198906,0.6931471805599453,0.9211520396360134,0.434692684949326,0.07267336362272252,0.4144799482717723,-0.5656719015450048,0.2439567889401947
Maryland,2011,-6,36,-216,3.0,30.0,1.3862943611198906,3.4339872044851463,-0.0579936796678361,-0.2822601169513961,-0.17859076792765932,0.5638262628249784,0.007788794528763054,-0.5381527689476462
Maryland,2012,-5,25,-125,4.0,30.0,1.6094379124341003,3.4339872044851463,-0.0579936796678361,-0.2822601169513961,-0.17859076792765932,0.5638262628249784,0.007788794528763054,-0.4299416868243453
Maryland,2013,-4,16,-64,,33.0,,3.5263605246161616,-0.0579936796678361,-0.2822601169513961,-0.17859076792765932,0.5638262628249784,0.007788794528763054,-0.4086449245658071
Maryland,2014,-3,9,-27,,34.0,,3.5553480614894135,-0.0579936796678361,-0.2822601169513961,-0.17859076792765932,0.5638262628249784,0.007788794528763054,-0.4061734833222764
Maryland,2015,-2,4,-8,3.0,31.0,1.3862943611198906,3.4657359027997265,-0.0579936796678361,-0.2822601169513961,-0.17859076792765932,0.5638262628249784,0.007788794528763054,-0.4633424586670157
Maryland,2016,-1,1,-1,8.0,32.0,2.1972245773362196,3.4965075614664802,-0.0579936796678361,-0.2822601169513961,-0.17859076792765932,0.5638262628249784,0.007788794528763054,-0.4153033950388202
Maryland,2017,0,0,0,19.0,47.0,2.995732273553991,3.871201010907891,-0.0579936796678361,-0.2822601169513961,-0.17859076792765932,0.5638262628249784,0.007788794528763054,-0.4866419216492934
Maryland,2018,1,1,1,6.0,35.0,1.9459101490553132,3.58351893845611,-0.0579936796678361,-0.2822601169513961,-0.17859076792765932,0.5638262628249784,0.007788794528763054,-0.4668230511325197
Maryland,2019,2,4,8,8.0,32.0,2.1972245773362196,3.4965075614664802,-0.0579936796678361,-0.2822601169513961,-0.17859076792765932,0.5638262628249784,0.007788794528763054,-0.5080882806629609
Massachusetts,2011,-6,36,-216,12.0,25.0,2.5649493574615367,3.258096538021482,0.1191374097761047,-0.0527213091669376,1.3362612633373734,1.0206502838112503,-1.1091756955850682,-0.5392103859717131
Massachusetts,2012,-5,25,-125,10.0,32.0,2.3978952727983707,3.4965075614664802,0.1191374097761047,-0.0527213091669376,1.3362612633373734,1.0206502838112503,-1.1091756955850682,-0.5287611846794229
Massachusetts,2013,-4,16,-64,8.0,26.0,2.1972245773362196,3.295836866004329,0.1191374097761047,-0.0527213091669376,1.3362612633373734,1.0206502838112503,-1.1091756955850682,-0.563979898558936
Massachusetts,2014,-3,9,-27,8.0,19.0,2.1972245773362196,2.995732273553991,0.1191374097761047,-0.0527213091669376,1.3362612633373734,1.0206502838112503,-1.1091756955850682,-0.5604343207810432
Massachusetts,2015,-2,4,-8,7.0,17.0,2.0794415416798357,2.8903717578961645,0.1191374097761047,-0.0527213091669376,1.3362612633373734,1.0206502838112503,-1.1091756955850682,-0.5774642212946559
Massachusetts,2016,-1,1,-1,13.0,20.0,2.6390573296152584,3.044522437723423,0.1191374097761047,-0.0527213091669376,1.3362612633373734,1.0206502838112503,-1.1091756955850682,-0.5782387533272266
Massachusetts,2017,0,0,0,25.0,13.0,3.258096538021482,2.6390573296152584,0.1191374097761047,-0.0527213091669376,1.3362612633373734,1.0206502838112503,-1.1091756955850682,-0.5667314202718897
Massachusetts,2018,1,1,1,5.0,11.0,1.791759469228055,2.4849066497880004,0.1191374097761047,-0.0527213091669376,1.3362612633373734,1.0206502838112503,-1.1091756955850682,-0.5662785377545061
Massachusetts,2019,2,4,8,10.0,10.0,2.3978952727983707,2.3978952727983707,0.1191374097761047,-0.0527213091669376,1.3362612633373734,1.0206502838112503,-1.1091756955850682,-0.5900059555835311
Michigan,2011,-6,36,-216,9.0,24.0,2.302585092994046,3.2188758248682006,-0.5402091490638298,-0.4154154839666679,-0.13747739836577327,-2.1859029404192976,1.3815267306457737,-0.6354307469535135
Michigan,2012,-5,25,-125,10.0,26.0,2.3978952727983707,3.295836866004329,-0.5402091490638298,-0.4154154839666679,-0.13747739836577327,-2.1859029404192976,1.3815267306457737,-0.6308832817089828
Michigan,2013,-4,16,-64,8.0,16.0,2.1972245773362196,2.833213344056216,-0.5402091490638298,-0.4154154839666679,-0.13747739836577327,-2.1859029404192976,1.3815267306457737,-0.544614950972096
Michigan,2014,-3,9,-27,8.0,11.0,2.1972245773362196,2.4849066497880004,-0.5402091490638298,-0.4154154839666679,-0.13747739836577327,-2.1859029404192976,1.3815267306457737,-0.4677027412943312
Michigan,2015,-2,4,-8,11.0,11.0,2.4849066497880004,2.4849066497880004,-0.5402091490638298,-0.4154154839666679,-0.13747739836577327,-2.1859029404192976,1.3815267306457737,-0.35114596137748
Michigan,2016,-1,1,-1,12.0,13.0,2.5649493574615367,2.6390573296152584,-0.5402091490638298,-0.4154154839666679,-0.13747739836577327,-2.1859029404192976,1.3815267306457737,-0.2177769401192709
Michigan,2017,0,0,0,25.0,10.0,3.258096538021482,2.3978952727983707,-0.5402091490638298,-0.4154154839666679,-0.13747739836577327,-2.1859029404192976,1.3815267306457737,-0.0505535288697069
Michigan,2018,1,1,1,16.0,10.0,2.833213344056216,2.3978952727983707,-0.5402091490638298,-0.4154154839666679,-0.13747739836577327,-2.1859029404192976,1.3815267306457737,0.0858362431117811
Michigan,2019,2,4,8,13.0,14.0,2.6390573296152584,2.70805020110221,-0.5402091490638298,-0.4154154839666679,-0.13747739836577327,-2.1859029404192976,1.3815267306457737,0.3775780338383802
Minnesota,2011,-6,36,-216,2.0,49.0,1.0986122886681098,3.912023005428146,-0.6521301873440399,-0.3472867787166577,-0.5210931808839891,0.21681570842194994,-0.25326420890780293,-0.5093509631362274
Minnesota,2012,-5,25,-125,6.0,32.0,1.9459101490553132,3.4965075614664802,-0.6521301873440399,-0.3472867787166577,-0.5210931808839891,0.21681570842194994,-0.25326420890780293,-0.4171360905525088
Minnesota,2013,-4,16,-64,12.0,26.0,2.5649493574615367,3.295836866004329,-0.6521301873440399,-0.3472867787166577,-0.5210931808839891,0.21681570842194994,-0.25326420890780293,-0.4611833904917502
Minnesota,2014,-3,9,-27,12.0,16.0,2.5649493574615367,2.833213344056216,-0.6521301873440399,-0.3472867787166577,-0.5210931808839891,0.21681570842194994,-0.25326420890780293,-0.4141100119136277
Minnesota,2015,-2,4,-8,6.0,13.0,1.9459101490553132,2.6390573296152584,-0.6521301873440399,-0.3472867787166577,-0.5210931808839891,0.21681570842194994,-0.25326420890780293,-0.3486822118643502
Minnesota,2016,-1,1,-1,5.0,16.0,1.791759469228055,2.833213344056216,-0.6521301873440399,-0.3472867787166577,-0.5210931808839891,0.21681570842194994,-0.25326420890780293,-0.2618947512675154
Minnesota,2017,0,0,0,43.0,11.0,3.784189633918261,2.4849066497880004,-0.6521301873440399,-0.3472867787166577,-0.5210931808839891,0.21681570842194994,-0.25326420890780293,-0.168491448301588
Minnesota,2018,1,1,1,15.0,11.0,2.772588722239781,2.4849066497880004,-0.6521301873440399,-0.3472867787166577,-0.5210931808839891,0.21681570842194994,-0.25326420890780293,-0.2205672371815983
Minnesota,2019,2,4,8,15.0,0.0,2.772588722239781,0.0,-0.6521301873440399,-0.3472867787166577,-0.5210931808839891,0.21681570842194994,-0.25326420890780293,-0.167044641056895
Mississippi,2011,-6,36,-216,,55.0,,4.02535169073515,-0.7942603674449609,-0.544197502391616,-0.2322051930664887,0.08503954852205964,-0.5913492461453227,-0.0465999661706574
Mississippi,2012,-5,25,-125,,55.0,,4.02535169073515,-0.7942603674449609,-0.544197502391616,-0.2322051930664887,0.08503954852205964,-0.5913492461453227,0.2883519436862286
Mississippi,2013,-4,16,-64,1.0,49.0,0.6931471805599453,3.912023005428146,-0.7942603674449609,-0.544197502391616,-0.2322051930664887,0.08503954852205964,-0.5913492461453227,0.2845899309565992
Mississippi,2014,-3,9,-27,1.0,42.0,0.6931471805599453,3.7612001156935624,-0.7942603674449609,-0.544197502391616,-0.2322051930664887,0.08503954852205964,-0.5913492461453227,0.3888016244348183
Mississippi,2015,-2,4,-8,0.0,57.0,0.0,4.060443010546419,-0.7942603674449609,-0.544197502391616,-0.2322051930664887,0.08503954852205964,-0.5913492461453227,0.7307203817173565
Mississippi,2016,-1,1,-1,4.0,57.0,1.6094379124341003,4.060443010546419,-0.7942603674449609,-0.544197502391616,-0.2322051930664887,0.08503954852205964,-0.5913492461453227,1.289363465291148
Mississippi,2017,0,0,0,7.0,31.0,2.0794415416798357,3.4657359027997265,-0.7942603674449609,-0.544197502391616,-0.2322051930664887,0.08503954852205964,-0.5913492461453227,1.319569319838228
Mississippi,2018,1,1,1,15.0,36.0,2.772588722239781,3.6109179126442243,-0.7942603674449609,-0.544197502391616,-0.2322051930664887,0.08503954852205964,-0.5913492461453227,0.9879343776083924
Mississippi,2019,2,4,8,1.0,43.0,0.6931471805599453,3.784189633918261,-0.7942603674449609,-0.544197502391616,-0.2322051930664887,0.08503954852205964,-0.5913492461453227,1.1900178770318168
Missouri,2011,-6,36,-216,19.0,31.0,2.995732273553991,3.4657359027997265,-0.6988987115081343,-0.4898155439657727,-0.36341505751275893,-0.19608292593102805,0.9064958555398915,-0.6200438746801599
Missouri,2012,-5,25,-125,22.0,21.0,3.1354942159291497,3.091042453358316,-0.6988987115081343,-0.4898155439657727,-0.36341505751275893,-0.19608292593102805,0.9064958555398915,-0.62861701075009
Missouri,2013,-4,16,-64,20.0,29.0,3.044522437723423,3.4011973816621555,-0.6988987115081343,-0.4898155439657727,-0.36341505751275893,-0.19608292593102805,0.9064958555398915,-0.6261564684089377
Missouri,2014,-3,9,-27,19.0,20.0,2.995732273553991,3.044522437723423,-0.6988987115081343,-0.4898155439657727,-0.36341505751275893,-0.19608292593102805,0.9064958555398915,-0.5921148765022972
Missouri,2015,-2,4,-8,12.0,12.0,2.5649493574615367,2.5649493574615367,-0.6988987115081343,-0.4898155439657727,-0.36341505751275893,-0.19608292593102805,0.9064958555398915,-0.5282689447742744
Missouri,2016,-1,1,-1,11.0,21.0,2.4849066497880004,3.091042453358316,-0.6988987115081343,-0.4898155439657727,-0.36341505751275893,-0.19608292593102805,0.9064958555398915,-0.4271454275888078
Missouri,2017,0,0,0,30.0,22.0,3.4339872044851463,3.1354942159291497,-0.6988987115081343,-0.4898155439657727,-0.36341505751275893,-0.19608292593102805,0.9064958555398915,-0.3985473217708105
Missouri,2018,1,1,1,68.0,27.0,4.23410650459726,3.332204510175204,-0.6988987115081343,-0.4898155439657727,-0.36341505751275893,-0.19608292593102805,0.9064958555398915,-0.335739815129618
Missouri,2019,2,4,8,54.0,12.0,4.007333185232471,2.5649493574615367,-0.6988987115081343,-0.4898155439657727,-0.36341505751275893,-0.19608292593102805,0.9064958555398915,-0.350449649411565
Montana,2011,-6,36,-216,,0.0,,0.0,-0.3354494477321852,0.3881576799045476,-0.8839367585772471,-0.0730918433578,-0.35169402987568843,-0.16485994280089
Montana,2012,-5,25,-125,2.0,16.0,1.0986122886681098,2.833213344056216,-0.3354494477321852,0.3881576799045476,-0.8839367585772471,-0.0730918433578,-0.35169402987568843,-0.2183792551174277
Montana,2013,-4,16,-64,2.0,21.0,1.0986122886681098,3.091042453358316,-0.3354494477321852,0.3881576799045476,-0.8839367585772471,-0.0730918433578,-0.35169402987568843,-0.2021030492136045
Montana,2014,-3,9,-27,2.0,34.0,1.0986122886681098,3.5553480614894135,-0.3354494477321852,0.3881576799045476,-0.8839367585772471,-0.0730918433578,-0.35169402987568843,-0.1478372607663677
Montana,2015,-2,4,-8,1.0,0.0,0.6931471805599453,0.0,-0.3354494477321852,0.3881576799045476,-0.8839367585772471,-0.0730918433578,-0.35169402987568843,-0.1887007764129727
Montana,2016,-1,1,-1,1.0,15.0,0.6931471805599453,2.772588722239781,-0.3354494477321852,0.3881576799045476,-0.8839367585772471,-0.0730918433578,-0.35169402987568843,-0.2850579965772845
Montana,2017,0,0,0,14.0,12.0,2.70805020110221,2.5649493574615367,-0.3354494477321852,0.3881576799045476,-0.8839367585772471,-0.0730918433578,-0.35169402987568843,-0.2486281459054069
Montana,2018,1,1,1,1.0,8.0,0.6931471805599453,2.1972245773362196,-0.3354494477321852,0.3881576799045476,-0.8839367585772471,-0.0730918433578,-0.35169402987568843,-0.0365357438807683
Montana,2019,2,4,8,5.0,16.0,1.791759469228055,2.833213344056216,-0.3354494477321852,0.3881576799045476,-0.8839367585772471,-0.0730918433578,-0.35169402987568843,0.0907570435796975
Nebraska,2011,-6,36,-216,4.0,15.0,1.6094379124341003,2.772588722239781,-0.5667701923290096,-0.4481022756494227,-0.8105567330422457,-0.16094261662438333,1.3900858455125464,-0.6067415321258307
Nebraska,2012,-5,25,-125,2.0,19.0,1.0986122886681098,2.995732273553991,-0.5667701923290096,-0.4481022756494227,-0.8105567330422457,-0.16094261662438333,1.3900858455125464,-0.6018515136715461
Nebraska,2013,-4,16,-64,10.0,13.0,2.3978952727983707,2.6390573296152584,-0.5667701923290096,-0.4481022756494227,-0.8105567330422457,-0.16094261662438333,1.3900858455125464,-0.5886537372545612
Nebraska,2014,-3,9,-27,10.0,13.0,2.3978952727983707,2.6390573296152584,-0.5667701923290096,-0.4481022756494227,-0.8105567330422457,-0.16094261662438333,1.3900858455125464,-0.5491851961943501
Nebraska,2015,-2,4,-8,7.0,8.0,2.0794415416798357,2.1972245773362196,-0.5667701923290096,-0.4481022756494227,-0.8105567330422457,-0.16094261662438333,1.3900858455125464,-0.5125584369652263
Nebraska,2016,-1,1,-1,1.0,2.0,0.6931471805599453,1.0986122886681098,-0.5667701923290096,-0.4481022756494227,-0.8105567330422457,-0.16094261662438333,1.3900858455125464,-0.3963786320796124
Nebraska,2017,0,0,0,9.0,12.0,2.302585092994046,2.5649493574615367,-0.5667701923290096,-0.4481022756494227,-0.8105567330422457,-0.16094261662438333,1.3900858455125464,-0.295222736854358
Nebraska,2018,1,1,1,30.0,16.0,3.4339872044851463,2.833213344056216,-0.5667701923290096,-0.4481022756494227,-0.8105567330422457,-0.16094261662438333,1.3900858455125464,0.4739867230844122
Nebraska,2019,2,4,8,23.0,17.0,3.1780538303479458,2.8903717578961645,-0.5667701923290096,-0.4481022756494227,-0.8105567330422457,-0.16094261662438333,1.3900858455125464,0.4051956331711889
Nevada,2011,-6,36,-216,4.0,14.0,1.6094379124341003,2.70805020110221,0.6209447458313294,0.2081594144048584,-0.11405627188179761,1.1831742143544455,-1.015025432050569,7.003913490852127
Nevada,2012,-5,25,-125,,13.0,,2.6390573296152584,0.6209447458313294,0.2081594144048584,-0.11405627188179761,1.1831742143544455,-1.015025432050569,8.090323755204711
Nevada,2013,-4,16,-64,,16.0,,2.833213344056216,0.6209447458313294,0.2081594144048584,-0.11405627188179761,1.1831742143544455,-1.015025432050569,6.403171693399149
Nevada,2014,-3,9,-27,,15.0,,2.772588722239781,0.6209447458313294,0.2081594144048584,-0.11405627188179761,1.1831742143544455,-1.015025432050569,5.137807647044978
Nevada,2015,-2,4,-8,0.0,26.0,0.0,3.295836866004329,0.6209447458313294,0.2081594144048584,-0.11405627188179761,1.1831742143544455,-1.015025432050569,2.5095622831882007
Nevada,2016,-1,1,-1,8.0,14.0,2.1972245773362196,2.70805020110221,0.6209447458313294,0.2081594144048584,-0.11405627188179761,1.1831742143544455,-1.015025432050569,1.8990244996470904
Nevada,2017,0,0,0,1.0,17.0,0.6931471805599453,2.8903717578961645,0.6209447458313294,0.2081594144048584,-0.11405627188179761,1.1831742143544455,-1.015025432050569,2.1272720484453966
Nevada,2018,1,1,1,7.0,11.0,2.0794415416798357,2.4849066497880004,0.6209447458313294,0.2081594144048584,-0.11405627188179761,1.1831742143544455,-1.015025432050569,0.9754327844183028
Nevada,2019,2,4,8,4.0,11.0,1.6094379124341003,2.4849066497880004,0.6209447458313294,0.2081594144048584,-0.11405627188179761,1.1831742143544455,-1.015025432050569,0.5375299633075644
New Hampshire,2011,-6,36,-216,,4.0,,1.6094379124341003,0.6599823820931905,0.5017658603559104,0.6161730561345687,1.1260712117311624,-1.1091756955850682,-0.4285502468219725
New Hampshire,2012,-5,25,-125,1.0,4.0,0.6931471805599453,1.6094379124341003,0.6599823820931905,0.5017658603559104,0.6161730561345687,1.1260712117311624,-1.1091756955850682,-0.5153910112557708
New Hampshire,2013,-4,16,-64,,4.0,,1.6094379124341003,0.6599823820931905,0.5017658603559104,0.6161730561345687,1.1260712117311624,-1.1091756955850682,-0.5094898148171364
New Hampshire,2014,-3,9,-27,,3.0,,1.3862943611198906,0.6599823820931905,0.5017658603559104,0.6161730561345687,1.1260712117311624,-1.1091756955850682,-0.4715254510619221
New Hampshire,2015,-2,4,-8,0.0,2.0,0.0,1.0986122886681098,0.6599823820931905,0.5017658603559104,0.6161730561345687,1.1260712117311624,-1.1091756955850682,-0.4902519144271884
New Hampshire,2016,-1,1,-1,1.0,4.0,0.6931471805599453,1.6094379124341003,0.6599823820931905,0.5017658603559104,0.6161730561345687,1.1260712117311624,-1.1091756955850682,-0.4495753145048841
New Hampshire,2017,0,0,0,2.0,5.0,1.0986122886681098,1.791759469228055,0.6599823820931905,0.5017658603559104,0.6161730561345687,1.1260712117311624,-1.1091756955850682,-0.4522482093623832
New Hampshire,2018,1,1,1,,4.0,,1.6094379124341003,0.6599823820931905,0.5017658603559104,0.6161730561345687,1.1260712117311624,-1.1091756955850682,-0.5115670359635358
New Hampshire,2019,2,4,8,3.0,2.0,1.3862943611198906,1.0986122886681098,0.6599823820931905,0.5017658603559104,0.6161730561345687,1.1260712117311624,-1.1091756955850682,-0.480833604911128
New Jersey,2011,-6,36,-216,10.0,40.0,2.3978952727983707,3.713572066704308,-0.6421590610095543,-0.517202104433469,0.21257228611631362,-0.4420650910774754,-0.5656719015450048,-0.6242792903519391
New Jersey,2012,-5,25,-125,20.0,163.0,3.044522437723423,5.099866427824199,-0.6421590610095543,-0.517202104433469,0.21257228611631362,-0.4420650910774754,-0.5656719015450048,-0.6145951003018734
New Jersey,2013,-4,16,-64,17.0,34.0,2.8903717578961645,3.5553480614894135,-0.6421590610095543,-0.517202104433469,0.21257228611631362,-0.4420650910774754,-0.5656719015450048,-0.6079660303868473
New Jersey,2014,-3,9,-27,13.0,33.0,2.6390573296152584,3.5263605246161616,-0.6421590610095543,-0.517202104433469,0.21257228611631362,-0.4420650910774754,-0.5656719015450048,-0.6009339167904835
New Jersey,2015,-2,4,-8,5.0,17.0,1.791759469228055,2.8903717578961645,-0.6421590610095543,-0.517202104433469,0.21257228611631362,-0.4420650910774754,-0.5656719015450048,-0.6185384355180402
New Jersey,2016,-1,1,-1,49.0,19.0,3.912023005428146,2.995732273553991,-0.6421590610095543,-0.517202104433469,0.21257228611631362,-0.4420650910774754,-0.5656719015450048,-0.6231884735989632
New Jersey,2017,0,0,0,50.0,10.0,3.9318256327243257,2.3978952727983707,-0.6421590610095543,-0.517202104433469,0.21257228611631362,-0.4420650910774754,-0.5656719015450048,-0.6020825748868733
New Jersey,2018,1,1,1,21.0,17.0,3.091042453358316,2.8903717578961645,-0.6421590610095543,-0.517202104433469,0.21257228611631362,-0.4420650910774754,-0.5656719015450048,-0.546947659211368
New Jersey,2019,2,4,8,17.0,11.0,2.8903717578961645,2.4849066497880004,-0.6421590610095543,-0.517202104433469,0.21257228611631362,-0.4420650910774754,-0.5656719015450048,-0.520100282869176
New Mexico,2011,-6,36,-216,1.0,5.0,0.6931471805599453,1.791759469228055,3.0070082081313863,-0.2278545341182301,-0.23350650338080953,-3.103943521055168,0.22604622363146562,-0.6276647044289515
New Mexico,2012,-5,25,-125,1.0,5.0,0.6931471805599453,1.791759469228055,3.0070082081313863,-0.2278545341182301,-0.23350650338080953,-3.103943521055168,0.22604622363146562,-0.6691665904140982
New Mexico,2013,-4,16,-64,,6.0,,1.9459101490553132,3.0070082081313863,-0.2278545341182301,-0.23350650338080953,-3.103943521055168,0.22604622363146562,-0.6717900733396949
New Mexico,2014,-3,9,-27,,8.0,,2.1972245773362196,3.0070082081313863,-0.2278545341182301,-0.23350650338080953,-3.103943521055168,0.22604622363146562,-0.6784243123715235
New Mexico,2015,-2,4,-8,2.0,13.0,1.0986122886681098,2.6390573296152584,3.0070082081313863,-0.2278545341182301,-0.23350650338080953,-3.103943521055168,0.22604622363146562,-0.6663227884039012
New Mexico,2016,-1,1,-1,2.0,13.0,1.0986122886681098,2.6390573296152584,3.0070082081313863,-0.2278545341182301,-0.23350650338080953,-3.103943521055168,0.22604622363146562,-0.642916529350439
New Mexico,2017,0,0,0,1.0,9.0,0.6931471805599453,2.302585092994046,3.0070082081313863,-0.2278545341182301,-0.23350650338080953,-3.103943521055168,0.22604622363146562,-0.6264655590475766
New Mexico,2018,1,1,1,4.0,6.0,1.6094379124341003,1.9459101490553132,3.0070082081313863,-0.2278545341182301,-0.23350650338080953,-3.103943521055168,0.22604622363146562,-0.623541920358072
New Mexico,2019,2,4,8,2.0,2.0,1.0986122886681098,1.0986122886681098,3.0070082081313863,-0.2278545341182301,-0.23350650338080953,-3.103943521055168,0.22604622363146562,-0.5976168541166405
New York,2011,-6,36,-216,2.0,66.0,1.0986122886681098,4.204692619390966,0.1645198430971143,-0.1688051320917916,0.06923056003450803,0.15532016713532718,-1.1091756955850682,0.074070942012214
New York,2012,-5,25,-125,13.0,74.0,2.6390573296152584,4.31748811353631,0.1645198430971143,-0.1688051320917916,0.06923056003450803,0.15532016713532718,-1.1091756955850682,-0.1923249587119705
New York,2013,-4,16,-64,5.0,39.0,1.791759469228055,3.6888794541139363,0.1645198430971143,-0.1688051320917916,0.06923056003450803,0.15532016713532718,-1.1091756955850682,-0.126318358191842
New York,2014,-3,9,-27,5.0,39.0,1.791759469228055,3.6888794541139363,0.1645198430971143,-0.1688051320917916,0.06923056003450803,0.15532016713532718,-1.1091756955850682,-0.044121463666431
New York,2015,-2,4,-8,9.0,16.0,2.302585092994046,2.833213344056216,0.1645198430971143,-0.1688051320917916,0.06923056003450803,0.15532016713532718,-1.1091756955850682,0.0615339814089459
New York,2016,-1,1,-1,16.0,9.0,2.833213344056216,2.302585092994046,0.1645198430971143,-0.1688051320917916,0.06923056003450803,0.15532016713532718,-1.1091756955850682,0.17480246639043
New York,2017,0,0,0,11.0,12.0,2.4849066497880004,2.5649493574615367,0.1645198430971143,-0.1688051320917916,0.06923056003450803,0.15532016713532718,-1.1091756955850682,0.0446861780109809
New York,2018,1,1,1,10.0,18.0,2.3978952727983707,2.9444389791664403,0.1645198430971143,-0.1688051320917916,0.06923056003450803,0.15532016713532718,-1.1091756955850682,-0.0705533883990037
New York,2019,2,4,8,18.0,10.0,2.9444389791664403,2.3978952727983707,0.1645198430971143,-0.1688051320917916,0.06923056003450803,0.15532016713532718,-1.1091756955850682,0.1853618926528396
North Carolina,2011,-6,36,-216,19.0,83.0,2.995732273553991,4.430816798843313,-0.6300100663048213,-0.510910007035504,-0.1556745254187811,1.1524264437111407,0.11905728779680745,1.0929838448151543
North Carolina,2012,-5,25,-125,20.0,62.0,3.044522437723423,4.143134726391533,-0.6300100663048213,-0.510910007035504,-0.1556745254187811,1.1524264437111407,0.11905728779680745,1.2456608905227473
North Carolina,2013,-4,16,-64,18.0,60.0,2.9444389791664403,4.110873864173311,-0.6300100663048213,-0.510910007035504,-0.1556745254187811,1.1524264437111407,0.11905728779680745,1.4128718664033124
North Carolina,2014,-3,9,-27,18.0,66.0,2.9444389791664403,4.204692619390966,-0.6300100663048213,-0.510910007035504,-0.1556745254187811,1.1524264437111407,0.11905728779680745,1.8348588237043388
North Carolina,2015,-2,4,-8,19.0,67.0,2.995732273553991,4.219507705176107,-0.6300100663048213,-0.510910007035504,-0.1556745254187811,1.1524264437111407,0.11905728779680745,1.7288339943568751
North Carolina,2016,-1,1,-1,172.0,81.0,5.153291594497779,4.406719247264253,-0.6300100663048213,-0.510910007035504,-0.1556745254187811,1.1524264437111407,0.11905728779680745,2.110277287560517
North Carolina,2017,0,0,0,103.0,70.0,4.6443908991413725,4.2626798770413155,-0.6300100663048213,-0.510910007035504,-0.1556745254187811,1.1524264437111407,0.11905728779680745,2.4614709764914076
North Carolina,2018,1,1,1,42.0,40.0,3.7612001156935624,3.713572066704308,-0.6300100663048213,-0.510910007035504,-0.1556745254187811,1.1524264437111407,0.11905728779680745,2.4615510397101037
North Carolina,2019,2,4,8,44.0,24.0,3.8066624897703196,3.2188758248682006,-0.6300100663048213,-0.510910007035504,-0.1556745254187811,1.1524264437111407,0.11905728779680745,2.3569370854465954
North Dakota,2011,-6,36,-216,2.0,87.0,1.0986122886681098,4.477336814478207,-0.325594214659172,0.3646785480908163,-1.4962139253518068,-0.5167382483540784,-0.6255857056124132,0.5448326939003743
North Dakota,2012,-5,25,-125,6.0,87.0,1.9459101490553132,4.477336814478207,-0.325594214659172,0.3646785480908163,-1.4962139253518068,-0.5167382483540784,-0.6255857056124132,0.3630289022551288
North Dakota,2013,-4,16,-64,1.0,116.0,0.6931471805599453,4.762173934797756,-0.325594214659172,0.3646785480908163,-1.4962139253518068,-0.5167382483540784,-0.6255857056124132,0.383213676437276
North Dakota,2014,-3,9,-27,1.0,87.0,0.6931471805599453,4.477336814478207,-0.325594214659172,0.3646785480908163,-1.4962139253518068,-0.5167382483540784,-0.6255857056124132,0.3219887633864443
North Dakota,2015,-2,4,-8,0.0,70.0,0.0,4.2626798770413155,-0.325594214659172,0.3646785480908163,-1.4962139253518068,-0.5167382483540784,-0.6255857056124132,0.8855530232760257
North Dakota,2016,-1,1,-1,,107.0,,4.68213122712422,-0.325594214659172,0.3646785480908163,-1.4962139253518068,-0.5167382483540784,-0.6255857056124132,0.4025686489501194
North Dakota,2017,0,0,0,,77.0,,4.356708826689592,-0.325594214659172,0.3646785480908163,-1.4962139253518068,-0.5167382483540784,-0.6255857056124132,0.6626189355942833
North Dakota,2018,1,1,1,1.0,81.0,0.6931471805599453,4.406719247264253,-0.325594214659172,0.3646785480908163,-1.4962139253518068,-0.5167382483540784,-0.6255857056124132,1.0680795948605684
North Dakota,2019,2,4,8,18.0,75.0,2.9444389791664403,4.330733340286331,-0.325594214659172,0.3646785480908163,-1.4962139253518068,-0.5167382483540784,-0.6255857056124132,1.5110798457712675
Ohio,2011,-6,36,-216,10.0,37.0,2.3978952727983707,3.6375861597263857,-0.7351768856965487,-0.5169358182880489,-0.2523640046680265,0.22120824708528108,-0.0007703203380097199,-0.5817070980265373
Ohio,2012,-5,25,-125,9.0,29.0,2.302585092994046,3.4011973816621555,-0.7351768856965487,-0.5169358182880489,-0.2523640046680265,0.22120824708528108,-0.0007703203380097199,-0.5875331377180758
Ohio,2013,-4,16,-64,7.0,24.0,2.0794415416798357,3.2188758248682006,-0.7351768856965487,-0.5169358182880489,-0.2523640046680265,0.22120824708528108,-0.0007703203380097199,-0.5933321980645031
Ohio,2014,-3,9,-27,7.0,21.0,2.0794415416798357,3.091042453358316,-0.7351768856965487,-0.5169358182880489,-0.2523640046680265,0.22120824708528108,-0.0007703203380097199,-0.5827603457335857
Ohio,2015,-2,4,-8,6.0,15.0,1.9459101490553132,2.772588722239781,-0.7351768856965487,-0.5169358182880489,-0.2523640046680265,0.22120824708528108,-0.0007703203380097199,-0.5693297082560645
Ohio,2016,-1,1,-1,9.0,19.0,2.302585092994046,2.995732273553991,-0.7351768856965487,-0.5169358182880489,-0.2523640046680265,0.22120824708528108,-0.0007703203380097199,-0.522204500765459
Ohio,2017,0,0,0,19.0,14.0,2.995732273553991,2.70805020110221,-0.7351768856965487,-0.5169358182880489,-0.2523640046680265,0.22120824708528108,-0.0007703203380097199,-0.5016812174443084
Ohio,2018,1,1,1,39.0,12.0,3.6888794541139363,2.5649493574615367,-0.7351768856965487,-0.5169358182880489,-0.2523640046680265,0.22120824708528108,-0.0007703203380097199,-0.4923935330958889
Ohio,2019,2,4,8,32.0,12.0,3.4965075614664802,2.5649493574615367,-0.7351768856965487,-0.5169358182880489,-0.2523640046680265,0.22120824708528108,-0.0007703203380097199,-0.372896444325323
Oklahoma,2011,-6,36,-216,1.0,22.0,0.6931471805599453,3.1354942159291497,0.8257220738885234,0.5693183272413623,-0.607381310092173,-1.9311356979461836,0.11049817293003483,-0.6018245029642202
Oklahoma,2012,-5,25,-125,2.0,24.0,1.0986122886681098,3.2188758248682006,0.8257220738885234,0.5693183272413623,-0.607381310092173,-1.9311356979461836,0.11049817293003483,-0.6017398694145989
Oklahoma,2013,-4,16,-64,2.0,23.0,1.0986122886681098,3.1780538303479458,0.8257220738885234,0.5693183272413623,-0.607381310092173,-1.9311356979461836,0.11049817293003483,-0.5493772439030111
Oklahoma,2014,-3,9,-27,2.0,20.0,1.0986122886681098,3.044522437723423,0.8257220738885234,0.5693183272413623,-0.607381310092173,-1.9311356979461836,0.11049817293003483,-0.392827700607211
Oklahoma,2015,-2,4,-8,1.0,19.0,0.6931471805599453,2.995732273553991,0.8257220738885234,0.5693183272413623,-0.607381310092173,-1.9311356979461836,0.11049817293003483,-0.4701985759839018
Oklahoma,2016,-1,1,-1,1.0,23.0,0.6931471805599453,3.1780538303479458,0.8257220738885234,0.5693183272413623,-0.607381310092173,-1.9311356979461836,0.11049817293003483,-0.4299079657018388
Oklahoma,2017,0,0,0,5.0,18.0,1.791759469228055,2.9444389791664403,0.8257220738885234,0.5693183272413623,-0.607381310092173,-1.9311356979461836,0.11049817293003483,-0.4124269357944786
Oklahoma,2018,1,1,1,7.0,12.0,2.0794415416798357,2.5649493574615367,0.8257220738885234,0.5693183272413623,-0.607381310092173,-1.9311356979461836,0.11049817293003483,-0.3478996619018356
Oklahoma,2019,2,4,8,6.0,10.0,1.9459101490553132,2.3978952727983707,0.8257220738885234,0.5693183272413623,-0.607381310092173,-1.9311356979461836,0.11049817293003483,-0.3327911328831705
Oregon,2011,-6,36,-216,7.0,6.0,2.0794415416798357,1.9459101490553132,3.2420516573073157,-0.2156878158793042,-0.36641105468131785,-0.7100099495405784,-0.03500677980510021,-0.6901645638982835
Oregon,2012,-5,25,-125,7.0,6.0,2.0794415416798357,1.9459101490553132,3.2420516573073157,-0.2156878158793042,-0.36641105468131785,-0.7100099495405784,-0.03500677980510021,-0.6909651401593601
Oregon,2013,-4,16,-64,7.0,6.0,2.0794415416798357,1.9459101490553132,3.2420516573073157,-0.2156878158793042,-0.36641105468131785,-0.7100099495405784,-0.03500677980510021,-0.6872593702361055
Oregon,2014,-3,9,-27,7.0,3.0,2.0794415416798357,1.3862943611198906,3.2420516573073157,-0.2156878158793042,-0.36641105468131785,-0.7100099495405784,-0.03500677980510021,-0.6851693437861551
Oregon,2015,-2,4,-8,8.0,13.0,2.1972245773362196,2.6390573296152584,3.2420516573073157,-0.2156878158793042,-0.36641105468131785,-0.7100099495405784,-0.03500677980510021,-0.6666802029158709
Oregon,2016,-1,1,-1,12.0,6.0,2.5649493574615367,1.9459101490553132,3.2420516573073157,-0.2156878158793042,-0.36641105468131785,-0.7100099495405784,-0.03500677980510021,-0.6450811514494504
Oregon,2017,0,0,0,23.0,6.0,3.1780538303479458,1.9459101490553132,3.2420516573073157,-0.2156878158793042,-0.36641105468131785,-0.7100099495405784,-0.03500677980510021,-0.6209400852314378
Oregon,2018,1,1,1,11.0,6.0,2.4849066497880004,1.9459101490553132,3.2420516573073157,-0.2156878158793042,-0.36641105468131785,-0.7100099495405784,-0.03500677980510021,-0.5892411492264231
Oregon,2019,2,4,8,8.0,7.0,2.1972245773362196,2.0794415416798357,3.2420516573073157,-0.2156878158793042,-0.36641105468131785,-0.7100099495405784,-0.03500677980510021,-0.5890719430807991
Pennsylvania,2011,-6,36,-216,9.0,59.0,2.302585092994046,4.0943445622221,-0.7836402500187347,-0.5397622671517239,0.006910807480276581,0.5242934148550114,-0.5956288035787091,-0.6400119107196823
Pennsylvania,2012,-5,25,-125,16.0,51.0,2.833213344056216,3.9512437185814275,-0.7836402500187347,-0.5397622671517239,0.006910807480276581,0.5242934148550114,-0.5956288035787091,-0.6385815476987975
Pennsylvania,2013,-4,16,-64,6.0,52.0,1.9459101490553132,3.970291913552122,-0.7836402500187347,-0.5397622671517239,0.006910807480276581,0.5242934148550114,-0.5956288035787091,-0.6289502190387017
Pennsylvania,2014,-3,9,-27,6.0,69.0,1.9459101490553132,4.248495242049359,-0.7836402500187347,-0.5397622671517239,0.006910807480276581,0.5242934148550114,-0.5956288035787091,-0.6114732187248084
Pennsylvania,2015,-2,4,-8,26.0,66.0,3.295836866004329,4.204692619390966,-0.7836402500187347,-0.5397622671517239,0.006910807480276581,0.5242934148550114,-0.5956288035787091,-0.5967010678995256
Pennsylvania,2016,-1,1,-1,43.0,54.0,3.784189633918261,4.007333185232471,-0.7836402500187347,-0.5397622671517239,0.006910807480276581,0.5242934148550114,-0.5956288035787091,-0.5954756116520742
Pennsylvania,2017,0,0,0,78.0,56.0,4.3694478524670215,4.04305126783455,-0.7836402500187347,-0.5397622671517239,0.006910807480276581,0.5242934148550114,-0.5956288035787091,-0.5596993571053737
Pennsylvania,2018,1,1,1,52.0,73.0,3.970291913552122,4.30406509320417,-0.7836402500187347,-0.5397622671517239,0.006910807480276581,0.5242934148550114,-0.5956288035787091,-0.53846915637196
Pennsylvania,2019,2,4,8,38.0,51.0,3.6635616461296463,3.9512437185814275,-0.7836402500187347,-0.5397622671517239,0.006910807480276581,0.5242934148550114,-0.5956288035787091,-0.5275565546831092
Rhode Island,2011,-6,36,-216,1.0,5.0,0.6931471805599453,1.791759469228055,,-0.544197502391616,0.9596692305059465,1.5741101553907677,-1.1091756955850682,-0.6711825972357178
Rhode Island,2012,-5,25,-125,1.0,4.0,0.6931471805599453,1.6094379124341003,,-0.544197502391616,0.9596692305059465,1.5741101553907677,-1.1091756955850682,-0.6711825972357178
Rhode Island,2013,-4,16,-64,1.0,2.0,0.6931471805599453,1.0986122886681098,,-0.544197502391616,0.9596692305059465,1.5741101553907677,-1.1091756955850682,-0.6711825972357178
Rhode Island,2014,-3,9,-27,1.0,3.0,0.6931471805599453,1.3862943611198906,,-0.544197502391616,0.9596692305059465,1.5741101553907677,-1.1091756955850682,-0.6711825972357178
Rhode Island,2015,-2,4,-8,0.0,2.0,0.0,1.0986122886681098,,-0.544197502391616,0.9596692305059465,1.5741101553907677,-1.1091756955850682,-0.6587900847145857
Rhode Island,2016,-1,1,-1,1.0,3.0,0.6931471805599453,1.3862943611198906,,-0.544197502391616,0.9596692305059465,1.5741101553907677,-1.1091756955850682,-0.6711825972357178
Rhode Island,2017,0,0,0,,2.0,,1.0986122886681098,,-0.544197502391616,0.9596692305059465,1.5741101553907677,-1.1091756955850682,-0.6587900847145857
Rhode Island,2018,1,1,1,,4.0,,1.6094379124341003,,-0.544197502391616,0.9596692305059465,1.5741101553907677,-1.1091756955850682,-0.6649863409751517
Rhode Island,2019,2,4,8,4.0,3.0,1.6094379124341003,1.3862943611198906,,-0.544197502391616,0.9596692305059465,1.5741101553907677,-1.1091756955850682,-0.6649863409751517
South Carolina,2011,-6,36,-216,1.0,27.0,0.6931471805599453,3.332204510175204,0.720889354155451,0.0010416550679171,-0.0803512894961854,-0.7056174108772516,-0.4073282765097107,-0.13671577517048
South Carolina,2012,-5,25,-125,1.0,23.0,0.6931471805599453,3.1780538303479458,0.720889354155451,0.0010416550679171,-0.0803512894961854,-0.7056174108772516,-0.4073282765097107,0.0215711225099466
South Carolina,2013,-4,16,-64,2.0,31.0,1.0986122886681098,3.4657359027997265,0.720889354155451,0.0010416550679171,-0.0803512894961854,-0.7056174108772516,-0.4073282765097107,0.0988854657709778
South Carolina,2014,-3,9,-27,2.0,27.0,1.0986122886681098,3.332204510175204,0.720889354155451,0.0010416550679171,-0.0803512894961854,-0.7056174108772516,-0.4073282765097107,0.2121198614994364
South Carolina,2015,-2,4,-8,3.0,84.0,1.3862943611198906,4.442651256490317,0.720889354155451,0.0010416550679171,-0.0803512894961854,-0.7056174108772516,-0.4073282765097107,0.261853668065006
South Carolina,2016,-1,1,-1,20.0,63.0,3.044522437723423,4.1588830833596715,0.720889354155451,0.0010416550679171,-0.0803512894961854,-0.7056174108772516,-0.4073282765097107,0.342338373040961
South Carolina,2017,0,0,0,19.0,64.0,2.995732273553991,4.174387269895637,0.720889354155451,0.0010416550679171,-0.0803512894961854,-0.7056174108772516,-0.4073282765097107,0.3062768278685805
South Carolina,2018,1,1,1,13.0,27.0,2.6390573296152584,3.332204510175204,0.720889354155451,0.0010416550679171,-0.0803512894961854,-0.7056174108772516,-0.4073282765097107,0.4724139488550083
South Carolina,2019,2,4,8,9.0,30.0,2.302585092994046,3.4339872044851463,0.720889354155451,0.0010416550679171,-0.0803512894961854,-0.7056174108772516,-0.4073282765097107,0.3807646799152426
South Dakota,2011,-6,36,-216,5.0,11.0,1.791759469228055,2.4849066497880004,-0.2091260706381609,4.03725897209368,-0.845034978419255,-0.5167382483540741,0.3116373722991923,0.2334708168069291
South Dakota,2012,-5,25,-125,1.0,16.0,0.6931471805599453,2.833213344056216,-0.2091260706381609,4.03725897209368,-0.845034978419255,-0.5167382483540741,0.3116373722991923,0.7212851733205854
South Dakota,2013,-4,16,-64,,16.0,,2.833213344056216,-0.2091260706381609,4.03725897209368,-0.845034978419255,-0.5167382483540741,0.3116373722991923,0.3656576170323387
South Dakota,2014,-3,9,-27,,29.0,,3.4011973816621555,-0.2091260706381609,4.03725897209368,-0.845034978419255,-0.5167382483540741,0.3116373722991923,0.5547228721624317
South Dakota,2015,-2,4,-8,0.0,22.0,0.0,3.1354942159291497,-0.2091260706381609,4.03725897209368,-0.845034978419255,-0.5167382483540741,0.3116373722991923,0.996173632880244
South Dakota,2016,-1,1,-1,,14.0,,2.70805020110221,-0.2091260706381609,4.03725897209368,-0.845034978419255,-0.5167382483540741,0.3116373722991923,1.5787468982676078
South Dakota,2017,0,0,0,2.0,15.0,1.0986122886681098,2.772588722239781,-0.2091260706381609,4.03725897209368,-0.845034978419255,-0.5167382483540741,0.3116373722991923,2.8943202909871606
South Dakota,2018,1,1,1,,10.0,,2.3978952727983707,-0.2091260706381609,4.03725897209368,-0.845034978419255,-0.5167382483540741,0.3116373722991923,3.440033431649873
South Dakota,2019,2,4,8,15.0,22.0,2.772588722239781,3.1354942159291497,-0.2091260706381609,4.03725897209368,-0.845034978419255,-0.5167382483540741,0.3116373722991923,3.3142494295603813
Tennessee,2011,-6,36,-216,16.0,38.0,2.833213344056216,3.6635616461296463,-0.7942603674449609,-0.544197502391616,-0.14973711114473684,0.9327995105446582,-0.47152163801050556,-0.1886333341679598
Tennessee,2012,-5,25,-125,9.0,25.0,2.302585092994046,3.258096538021482,-0.7942603674449609,-0.544197502391616,-0.14973711114473684,0.9327995105446582,-0.47152163801050556,-0.0094522900832155
Tennessee,2013,-4,16,-64,5.0,34.0,1.791759469228055,3.5553480614894135,-0.7942603674449609,-0.544197502391616,-0.14973711114473684,0.9327995105446582,-0.47152163801050556,0.1899249047535064
Tennessee,2014,-3,9,-27,5.0,40.0,1.791759469228055,3.713572066704308,-0.7942603674449609,-0.544197502391616,-0.14973711114473684,0.9327995105446582,-0.47152163801050556,0.945607989823616
Tennessee,2015,-2,4,-8,8.0,61.0,2.1972245773362196,4.127134385045092,-0.7942603674449609,-0.544197502391616,-0.14973711114473684,0.9327995105446582,-0.47152163801050556,1.3022412885618666
Tennessee,2016,-1,1,-1,16.0,30.0,2.833213344056216,3.4339872044851463,-0.7942603674449609,-0.544197502391616,-0.14973711114473684,0.9327995105446582,-0.47152163801050556,0.96875989306077
Tennessee,2017,0,0,0,20.0,40.0,3.044522437723423,3.713572066704308,-0.7942603674449609,-0.544197502391616,-0.14973711114473684,0.9327995105446582,-0.47152163801050556,0.4193585046239113
Tennessee,2018,1,1,1,4.0,29.0,1.6094379124341003,3.4011973816621555,-0.7942603674449609,-0.544197502391616,-0.14973711114473684,0.9327995105446582,-0.47152163801050556,0.2944614176462265
Tennessee,2019,2,4,8,7.0,42.0,2.0794415416798357,3.7612001156935624,-0.7942603674449609,-0.544197502391616,-0.14973711114473684,0.9327995105446582,-0.47152163801050556,0.0087688444897971
Texas,2011,-6,36,-216,6.0,42.0,1.9459101490553132,3.7612001156935624,0.2095002386278108,-0.2505501019640566,-0.40840395995223766,-1.1404787385468722,0.20464843646453398,-0.5845129499181143
Texas,2012,-5,25,-125,21.0,18.0,3.091042453358316,2.9444389791664403,0.2095002386278108,-0.2505501019640566,-0.40840395995223766,-1.1404787385468722,0.20464843646453398,-0.5774748313224993
Texas,2013,-4,16,-64,5.0,43.0,1.791759469228055,3.784189633918261,0.2095002386278108,-0.2505501019640566,-0.40840395995223766,-1.1404787385468722,0.20464843646453398,-0.5662123832214917
Texas,2014,-3,9,-27,5.0,51.0,1.791759469228055,3.9512437185814275,0.2095002386278108,-0.2505501019640566,-0.40840395995223766,-1.1404787385468722,0.20464843646453398,-0.5524543321139034
Texas,2015,-2,4,-8,16.0,43.0,2.833213344056216,3.784189633918261,0.2095002386278108,-0.2505501019640566,-0.40840395995223766,-1.1404787385468722,0.20464843646453398,-0.5749658589947226
Texas,2016,-1,1,-1,24.0,46.0,3.2188758248682006,3.8501476017100584,0.2095002386278108,-0.2505501019640566,-0.40840395995223766,-1.1404787385468722,0.20464843646453398,-0.5447838198186126
Texas,2017,0,0,0,57.0,49.0,4.060443010546419,3.912023005428146,0.2095002386278108,-0.2505501019640566,-0.40840395995223766,-1.1404787385468722,0.20464843646453398,-0.5283544003889014
Texas,2018,1,1,1,51.0,38.0,3.9512437185814275,3.6635616461296463,0.2095002386278108,-0.2505501019640566,-0.40840395995223766,-1.1404787385468722,0.20464843646453398,-0.4569067750090936
Texas,2019,2,4,8,53.0,49.0,3.9889840465642745,3.912023005428146,0.2095002386278108,-0.2505501019640566,-0.40840395995223766,-1.1404787385468722,0.20464843646453398,-0.4171636294692224
Utah,2011,-6,36,-216,1.0,3.0,0.6931471805599453,1.3862943611198906,-0.7942603674449609,-0.544197502391616,-0.16566628304150877,0.3090590203518688,-0.6127470333122543,0.5289633931441468
Utah,2012,-5,25,-125,5.0,9.0,1.791759469228055,2.302585092994046,-0.7942603674449609,-0.544197502391616,-0.16566628304150877,0.3090590203518688,-0.6127470333122543,-0.0957680969301763
Utah,2013,-4,16,-64,4.0,0.0,1.6094379124341003,0.0,-0.7942603674449609,-0.544197502391616,-0.16566628304150877,0.3090590203518688,-0.6127470333122543,-0.3025445665438121
Utah,2014,-3,9,-27,4.0,26.0,1.6094379124341003,3.295836866004329,-0.7942603674449609,-0.544197502391616,-0.16566628304150877,0.3090590203518688,-0.6127470333122543,-0.4896178789028514
Utah,2015,-2,4,-8,5.0,16.0,1.791759469228055,2.833213344056216,-0.7942603674449609,-0.544197502391616,-0.16566628304150877,0.3090590203518688,-0.6127470333122543,-0.4313707333132686
Utah,2016,-1,1,-1,9.0,7.0,2.302585092994046,2.0794415416798357,-0.7942603674449609,-0.544197502391616,-0.16566628304150877,0.3090590203518688,-0.6127470333122543,-0.3083143399763171
Utah,2017,0,0,0,8.0,21.0,2.1972245773362196,3.091042453358316,-0.7942603674449609,-0.544197502391616,-0.16566628304150877,0.3090590203518688,-0.6127470333122543,-0.2888923624929139
Utah,2018,1,1,1,3.0,6.0,1.3862943611198906,1.9459101490553132,-0.7942603674449609,-0.544197502391616,-0.16566628304150877,0.3090590203518688,-0.6127470333122543,0.1219382041167397
Utah,2019,2,4,8,6.0,10.0,1.9459101490553132,2.3978952727983707,-0.7942603674449609,-0.544197502391616,-0.16566628304150877,0.3090590203518688,-0.6127470333122543,0.6837321050747305
Vermont,2011,-6,36,-216,2.0,0.0,1.0986122886681098,0.0,,0.7239928212513316,0.3228153874922041,1.2885951422743445,-1.1091756955850682,0.0119546554916919
Vermont,2012,-5,25,-125,,1.0,,0.6931471805599453,,0.7239928212513316,0.3228153874922041,1.2885951422743445,-1.1091756955850682,0.2458633293280612
Vermont,2013,-4,16,-64,,0.0,,0.0,,0.7239928212513316,0.3228153874922041,1.2885951422743445,-1.1091756955850682,0.4367080221534964
Vermont,2014,-3,9,-27,,0.0,,0.0,,0.7239928212513316,0.3228153874922041,1.2885951422743445,-1.1091756955850682,-0.0489480211746614
Vermont,2015,-2,4,-8,0.0,2.0,0.0,1.0986122886681098,,0.7239928212513316,0.3228153874922041,1.2885951422743445,-1.1091756955850682,-0.0345987961501926
Vermont,2016,-1,1,-1,,1.0,,0.6931471805599453,,0.7239928212513316,0.3228153874922041,1.2885951422743445,-1.1091756955850682,-0.1589587463622556
Vermont,2017,0,0,0,1.0,1.0,0.6931471805599453,0.6931471805599453,,0.7239928212513316,0.3228153874922041,1.2885951422743445,-1.1091756955850682,-0.4627228330409592
Vermont,2018,1,1,1,1.0,1.0,0.6931471805599453,0.6931471805599453,,0.7239928212513316,0.3228153874922041,1.2885951422743445,-1.1091756955850682,-0.4406351001444669
Vermont,2019,2,4,8,2.0,2.0,1.0986122886681098,1.0986122886681098,,0.7239928212513316,0.3228153874922041,1.2885951422743445,-1.1091756955850682,-0.443565020316964
Virginia,2011,-6,36,-216,1.0,46.0,0.6931471805599453,3.8501476017100584,-0.4982278256123283,-0.3920088002617454,0.010667374753024471,1.336913067570974,-1.0321436617841142,0.3232226499145226
Virginia,2012,-5,25,-125,,33.0,,3.5263605246161616,-0.4982278256123283,-0.3920088002617454,0.010667374753024471,1.336913067570974,-1.0321436617841142,0.1803425205529665
Virginia,2013,-4,16,-64,,35.0,,3.58351893845611,-0.4982278256123283,-0.3920088002617454,0.010667374753024471,1.336913067570974,-1.0321436617841142,0.3399728056024015
Virginia,2014,-3,9,-27,,40.0,,3.713572066704308,-0.4982278256123283,-0.3920088002617454,0.010667374753024471,1.336913067570974,-1.0321436617841142,0.7588834862269777
Virginia,2015,-2,4,-8,4.0,43.0,1.6094379124341003,3.784189633918261,-0.4982278256123283,-0.3920088002617454,0.010667374753024471,1.336913067570974,-1.0321436617841142,0.6853101778302306
Virginia,2016,-1,1,-1,3.0,28.0,1.3862943611198906,3.367295829986474,-0.4982278256123283,-0.3920088002617454,0.010667374753024471,1.336913067570974,-1.0321436617841142,0.4876485383285971
Virginia,2017,0,0,0,19.0,20.0,2.995732273553991,3.044522437723423,-0.4982278256123283,-0.3920088002617454,0.010667374753024471,1.336913067570974,-1.0321436617841142,0.3381800217931753
Virginia,2018,1,1,1,4.0,32.0,1.6094379124341003,3.4965075614664802,-0.4982278256123283,-0.3920088002617454,0.010667374753024471,1.336913067570974,-1.0321436617841142,0.3072315796103283
Virginia,2019,2,4,8,6.0,29.0,1.9459101490553132,3.4011973816621555,-0.4982278256123283,-0.3920088002617454,0.010667374753024471,1.336913067570974,-1.0321436617841142,0.1326051769197395
Washington,2011,-6,36,-216,5.0,25.0,1.791759469228055,3.258096538021482,0.5155556474029983,-0.4081783869371297,-0.24038136924470835,-0.2400083125643219,-0.8053271178146391,-0.4472339452201693
Washington,2012,-5,25,-125,9.0,24.0,2.302585092994046,3.2188758248682006,0.5155556474029983,-0.4081783869371297,-0.24038136924470835,-0.2400083125643219,-0.8053271178146391,-0.4027678101753363
Washington,2013,-4,16,-64,5.0,20.0,1.791759469228055,3.044522437723423,0.5155556474029983,-0.4081783869371297,-0.24038136924470835,-0.2400083125643219,-0.8053271178146391,-0.2597943883923658
Washington,2014,-3,9,-27,5.0,19.0,1.791759469228055,2.995732273553991,0.5155556474029983,-0.4081783869371297,-0.24038136924470835,-0.2400083125643219,-0.8053271178146391,-0.2502792349840903
Washington,2015,-2,4,-8,2.0,16.0,1.0986122886681098,2.833213344056216,0.5155556474029983,-0.4081783869371297,-0.24038136924470835,-0.2400083125643219,-0.8053271178146391,-0.2225150966674845
Washington,2016,-1,1,-1,6.0,19.0,1.9459101490553132,2.995732273553991,0.5155556474029983,-0.4081783869371297,-0.24038136924470835,-0.2400083125643219,-0.8053271178146391,-0.1685829283138434
Washington,2017,0,0,0,15.0,21.0,2.772588722239781,3.091042453358316,0.5155556474029983,-0.4081783869371297,-0.24038136924470835,-0.2400083125643219,-0.8053271178146391,0.0282860343123445
Washington,2018,1,1,1,15.0,17.0,2.772588722239781,2.8903717578961645,0.5155556474029983,-0.4081783869371297,-0.24038136924470835,-0.2400083125643219,-0.8053271178146391,-0.0263030402576681
Washington,2019,2,4,8,17.0,22.0,2.8903717578961645,3.1354942159291497,0.5155556474029983,-0.4081783869371297,-0.24038136924470835,-0.2400083125643219,-0.8053271178146391,-0.0987498411888305
West Virginia,2011,-6,36,-216,6.0,6.0,1.9459101490553132,1.9459101490553132,-0.7942603674449609,-0.544197502391616,0.32841156133013727,0.4188724869351078,-1.1091756955850682,-0.6331788921709125
West Virginia,2012,-5,25,-125,,6.0,,1.9459101490553132,-0.7942603674449609,-0.544197502391616,0.32841156133013727,0.4188724869351078,-1.1091756955850682,-0.5888323527404526
West Virginia,2013,-4,16,-64,,6.0,,1.9459101490553132,-0.7942603674449609,-0.544197502391616,0.32841156133013727,0.4188724869351078,-1.1091756955850682,-0.6076709705649155
West Virginia,2014,-3,9,-27,,10.0,,2.3978952727983707,-0.7942603674449609,-0.544197502391616,0.32841156133013727,0.4188724869351078,-1.1091756955850682,-0.6632159820435615
West Virginia,2015,-2,4,-8,0.0,5.0,0.0,1.791759469228055,-0.7942603674449609,-0.544197502391616,0.32841156133013727,0.4188724869351078,-1.1091756955850682,-0.6273321683147887
West Virginia,2016,-1,1,-1,1.0,6.0,0.6931471805599453,1.9459101490553132,-0.7942603674449609,-0.544197502391616,0.32841156133013727,0.4188724869351078,-1.1091756955850682,-0.5709648872822144
West Virginia,2017,0,0,0,5.0,6.0,1.791759469228055,1.9459101490553132,-0.7942603674449609,-0.544197502391616,0.32841156133013727,0.4188724869351078,-1.1091756955850682,-0.4909278696556138
West Virginia,2018,1,1,1,2.0,9.0,1.0986122886681098,2.302585092994046,-0.7942603674449609,-0.544197502391616,0.32841156133013727,0.4188724869351078,-1.1091756955850682,-0.439855696841251
West Virginia,2019,2,4,8,2.0,6.0,1.0986122886681098,1.9459101490553132,-0.7942603674449609,-0.544197502391616,0.32841156133013727,0.4188724869351078,-1.1091756955850682,-0.4326267312039239
Wisconsin,2011,-6,36,-216,12.0,23.0,2.5649493574615367,3.1780538303479458,-0.5869144149340181,-0.4485675772001639,-0.06348419760395534,-0.03795153405116404,0.8637002812060284,-0.6592274675094492
Wisconsin,2012,-5,25,-125,14.0,50.0,2.70805020110221,3.9318256327243257,-0.5869144149340181,-0.4485675772001639,-0.06348419760395534,-0.03795153405116404,0.8637002812060284,-0.6508799703393949
Wisconsin,2013,-4,16,-64,5.0,48.0,1.791759469228055,3.8918202981106265,-0.5869144149340181,-0.4485675772001639,-0.06348419760395534,-0.03795153405116404,0.8637002812060284,-0.6066607113919972
Wisconsin,2014,-3,9,-27,5.0,141.0,1.791759469228055,4.955827057601261,-0.5869144149340181,-0.4485675772001639,-0.06348419760395534,-0.03795153405116404,0.8637002812060284,-0.5960148983370475
Wisconsin,2015,-2,4,-8,10.0,150.0,2.3978952727983707,5.017279836814924,-0.5869144149340181,-0.4485675772001639,-0.06348419760395534,-0.03795153405116404,0.8637002812060284,-0.6112066206067271
Wisconsin,2016,-1,1,-1,6.0,130.0,1.9459101490553132,4.875197323201151,-0.5869144149340181,-0.4485675772001639,-0.06348419760395534,-0.03795153405116404,0.8637002812060284,-0.5072031011971657
Wisconsin,2017,0,0,0,10.0,169.0,2.3978952727983707,5.135798437050262,-0.5869144149340181,-0.4485675772001639,-0.06348419760395534,-0.03795153405116404,0.8637002812060284,-0.4803210438490294
Wisconsin,2018,1,1,1,38.0,187.0,3.6635616461296463,5.236441962829949,-0.5869144149340181,-0.4485675772001639,-0.06348419760395534,-0.03795153405116404,0.8637002812060284,-0.4276056269927756
Wisconsin,2019,2,4,8,25.0,167.0,3.258096538021482,5.123963979403259,-0.5869144149340181,-0.4485675772001639,-0.06348419760395534,-0.03795153405116404,0.8637002812060284,-0.429093190471547
Wyoming,2011,-6,36,-216,2.0,54.0,1.0986122886681098,4.007333185232471,-0.7840792071233875,-0.4975659236383075,-0.21602217255947684,0.7878457346547876,-0.621306148179027,1.385974481272219
Wyoming,2012,-5,25,-125,4.0,53.0,1.6094379124341003,3.9889840465642745,-0.7840792071233875,-0.4975659236383075,-0.21602217255947684,0.7878457346547876,-0.621306148179027,0.2756053593787784
Wyoming,2013,-4,16,-64,,29.0,,3.4011973816621555,-0.7840792071233875,-0.4975659236383075,-0.21602217255947684,0.7878457346547876,-0.621306148179027,0.0279616508314876
Wyoming,2014,-3,9,-27,,29.0,,3.4011973816621555,-0.7840792071233875,-0.4975659236383075,-0.21602217255947684,0.7878457346547876,-0.621306148179027,0.2613539699794764
Wyoming,2015,-2,4,-8,1.0,19.0,0.6931471805599453,2.995732273553991,-0.7840792071233875,-0.4975659236383075,-0.21602217255947684,0.7878457346547876,-0.621306148179027,0.6506854050183782
Wyoming,2016,-1,1,-1,2.0,9.0,1.0986122886681098,2.302585092994046,-0.7840792071233875,-0.4975659236383075,-0.21602217255947684,0.7878457346547876,-0.621306148179027,1.4355445313567474
Wyoming,2017,0,0,0,1.0,29.0,0.6931471805599453,3.4011973816621555,-0.7840792071233875,-0.4975659236383075,-0.21602217255947684,0.7878457346547876,-0.621306148179027,1.4999855964666349
Wyoming,2018,1,1,1,2.0,13.0,1.0986122886681098,2.6390573296152584,-0.7840792071233875,-0.4975659236383075,-0.21602217255947684,0.7878457346547876,-0.621306148179027,1.415716511322936
Wyoming,2019,2,4,8,3.0,17.0,1.3862943611198906,2.8903717578961645,-0.7840792071233875,-0.4975659236383075,-0.21602217255947684,0.7878457346547876,-0.621306148179027,0.9752512091432678
