state,year,h2a_workers_cert,emp_farmworker,h2a_per_farmworker,h2a_per_farmworker_z
Alabama,2011,607.0,400.0,1.5175,-0.3198548672616214
Alabama,2012,730.0,330.0,2.212121212121212,-0.1476928258884992
Alabama,2013,731.0,320.0,2.284375,-0.1297847064687571
Alabama,2014,732.0,410.0,1.7853658536585366,-0.25346424835267806
Alabama,2015,735.0,440.0,1.6704545454545454,-0.28194504486743077
Alabama,2016,972.0,400.0,2.43,-0.09369151375095962
Alabama,2017,936.0,420.0,2.2285714285714286,-0.1436156356218063
Alabama,2018,1368.0,490.0,2.7918367346938777,-0.004010188444970625
Alabama,2019,1424.0,750.0,1.8986666666666667,-0.22538261347552394
Alaska,2011,22.0,30.0,0.7333333333333333,-0.5142107719680439
Alaska,2012,22.0,30.0,0.7333333333333333,-0.5142107719680439
Alaska,2013,18.5,55.0,0.33636363636363636,-0.6125998107721841
Alaska,2014,15.0,80.0,0.1875,-0.6494957003237366
Alaska,2015,15.0,72.5,0.20689655172413793,-0.6446882601215732
Alaska,2016,17.0,65.0,0.26153846153846155,-0.6311452490905216
Alaska,2017,22.0,57.5,0.3826086956521739,-0.60113796124671
Alaska,2018,33.0,50.0,0.66,-0.5323864569990377
Alaska,2019,38.0,130.0,0.2923076923076923,-0.6235190875390557
Arizona,2011,2159.0,9120.0,0.23673245614035088,-0.6372934237404289
Arizona,2012,2491.0,9290.0,0.2681377825618945,-0.6295096057222443
Arizona,2013,3442.0,10670.0,0.3225866916588566,-0.6160144299673226
Arizona,2014,4393.0,11760.0,0.37355442176870746,-0.6033820652961224
Arizona,2015,4211.0,13540.0,0.31100443131462335,-0.6188850960941011
Arizona,2016,5410.0,12390.0,0.43664245359160614,-0.5877456808101453
Arizona,2017,6080.0,10700.0,0.5682242990654206,-0.5551330874583869
Arizona,2018,7513.0,10290.0,0.7301263362487852,-0.5150056269985539
Arizona,2019,5665.0,10350.0,0.5473429951690821,-0.5603085238582456
Arkansas,2011,2539.0,620.0,4.09516129032258,0.3190191290495832
Arkansas,2012,2881.0,670.0,4.3,0.3697884545393827
Arkansas,2013,2715.0,1050.0,2.585714285714286,-0.05509768904229092
Arkansas,2014,2549.0,1150.0,2.216521739130435,-0.14660215416727168
Arkansas,2015,2604.0,1630.0,1.5975460122699388,-0.30001544307518313
Arkansas,2016,3150.0,1280.0,2.4609375,-0.08602364662850913
Arkansas,2017,3219.0,1020.0,3.1558823529411764,0.08621860920288824
Arkansas,2018,3560.0,610.0,5.836065573770492,0.750502691664
Arkansas,2019,4002.0,460.0,8.7,1.4603295563990117
California,2011,1865.0,149680.0,0.012459914484233031,-0.6928794293528202
California,2012,3089.0,164310.0,0.018799829590408376,-0.6913080798060964
California,2013,4876.0,171160.0,0.0284879644776817,-0.6889068731481574
California,2014,6663.0,180040.0,0.03700844256831815,-0.6867950705196725
California,2015,9411.0,178130.0,0.052832201201369784,-0.6828731479798431
California,2016,11908.0,182570.0,0.06522429752971463,-0.6798017638016013
California,2017,15702.0,189930.0,0.08267256357605433,-0.6754772066925752
California,2018,19202.0,194850.0,0.09854760071850141,-0.6715425747613509
California,2019,23752.0,201440.0,0.11791104050833995,-0.6667433413603956
Colorado,2011,1263.0,1630.0,0.7748466257668711,-0.5039216920425231
Colorado,2012,1159.0,2020.0,0.5737623762376237,-0.5537604736443964
Colorado,2013,1341.5,2060.0,0.6512135922330097,-0.5345641703644017
Colorado,2014,1524.0,2100.0,0.7257142857142858,-0.5160991548284068
Colorado,2015,1717.0,2550.0,0.6733333333333333,-0.5290817869934025
Colorado,2016,2095.0,2290.0,0.9148471615720524,-0.4692225241839048
Colorado,2017,2688.0,3260.0,0.8245398773006135,-0.4916052072055697
Colorado,2018,2857.0,3840.0,0.7440104166666667,-0.5115644541900938
Colorado,2019,3440.0,3310.0,1.039274924471299,-0.43838307198979726
Connecticut,2011,290.0,310.0,0.9354838709677419,-0.46410771059228384
Connecticut,2012,721.0,500.0,1.442,-0.33856756116853093
Connecticut,2013,564.5,550.0,1.0263636363636364,-0.44158313798056037
Connecticut,2014,408.0,710.0,0.5746478873239437,-0.5535409994998999
Connecticut,2015,478.0,700.0,0.6828571428571428,-0.5267213084179487
Connecticut,2016,327.0,740.0,0.4418918918918919,-0.5864446062128412
Connecticut,2017,429.0,920.0,0.46630434782608693,-0.5803939728961192
Connecticut,2018,618.0,790.0,0.7822784810126582,-0.5020797048587501
Connecticut,2019,876.0,790.0,1.1088607594936708,-0.4211362053536337
Delaware,2011,38.0,50.0,0.76,-0.5076014319567735
Delaware,2012,32.0,40.0,0.8,-0.49768742193986776
Delaware,2013,32.0,40.0,0.8,-0.49768742193986776
Delaware,2014,32.0,50.0,0.64,-0.5373434620074906
Delaware,2015,231.0,70.0,3.3,0.12193820411673971
Delaware,2016,392.0,120.0,3.2666666666666666,0.11367652910265164
Delaware,2017,570.0,160.0,3.5625,0.18699889485268353
Delaware,2018,459.0,190.0,2.4157894736842107,-0.09721359625696559
Delaware,2019,823.0,140.0,5.878571428571429,0.7610377784208407
Florida,2011,5741.0,23480.0,0.24450596252129472,-0.6353667582372499
Florida,2012,6945.0,24110.0,0.28805474906677725,-0.6245731805863498
Florida,2013,10244.5,21340.0,0.4800609184629803,-0.5769844034188084
Florida,2014,13544.0,16430.0,0.8243457090687766,-0.4916533318504546
Florida,2015,17942.0,14650.0,1.2247098976109214,-0.3924229674600258
Florida,2016,22828.0,13350.0,1.7099625468164794,-0.2721529768361773
Florida,2017,25303.0,13250.0,1.9096603773584906,-0.22265781952748132
Florida,2018,30462.0,10670.0,2.854920337394564,0.011625098281957034
Florida,2019,33598.0,10070.0,3.3364448857994042,0.1309710781887467
Georgia,2011,6793.0,2370.0,2.8662447257383965,0.014431850768859132
Georgia,2012,8475.0,3560.0,2.38061797752809,-0.10593086038699913
Georgia,2013,9491.0,3600.0,2.636388888888889,-0.0425379759553975
Georgia,2014,10507.0,3420.0,3.0722222222222224,0.06548342485380446
Georgia,2015,14513.0,3040.0,4.7740131578947365,0.48727273442722097
Georgia,2016,17392.0,3390.0,5.130383480825959,0.5755992082089226
Georgia,2017,23421.0,3420.0,6.848245614035088,1.001371768116381
Georgia,2018,32364.0,3200.0,10.11375,1.8107278479340234
Georgia,2019,29486.0,2880.0,10.238194444444444,1.8415714346532857
Hawaii,2011,195.0,480.0,0.40625,-0.5952784580437834
Hawaii,2012,98.0,830.0,0.1180722891566265,-0.6667033758425376
Hawaii,2013,68.5,860.0,0.07965116279069767,-0.676226061633853
Hawaii,2014,39.0,900.0,0.043333333333333335,-0.6852274447596676
Hawaii,2015,40.0,530.0,0.07547169811320754,-0.6772619430008016
Hawaii,2016,51.0,430.0,0.1186046511627907,-0.6665714297859943
Hawaii,2017,73.0,300.0,0.24333333333333335,-0.635657394675139
Hawaii,2018,137.0,490.0,0.2795918367346939,-0.6266707155271615
Hawaii,2019,157.0,440.0,0.3568181818181818,-0.6075301465589936
Idaho,2011,1977.0,1440.0,1.3729166666666666,-0.35568988263522855
Idaho,2012,2139.0,1670.0,1.2808383233532934,-0.3785115230839502
Idaho,2013,2109.5,1940.0,1.0873711340206185,-0.42646241440861854
Idaho,2014,2080.0,1740.0,1.1954022988505748,-0.39968686315206403
Idaho,2015,2356.0,1530.0,1.5398692810457517,-0.31431063535265735
Idaho,2016,3176.0,2280.0,1.3929824561403508,-0.35071657168924786
Idaho,2017,3715.0,2140.0,1.735981308411215,-0.26570422025923507
Idaho,2018,4251.0,2350.0,1.808936170212766,-0.24762233949217133
Idaho,2019,4609.0,2180.0,2.1142201834862386,-0.17195762035231166
Illinois,2011,570.0,1560.0,0.36538461538461536,-0.6054069538543241
Illinois,2012,784.0,1670.0,0.4694610778443114,-0.5796115765705857
Illinois,2013,838.0,1910.0,0.4387434554973822,-0.5872249469616603
Illinois,2014,892.0,2440.0,0.3655737704918033,-0.6053600717136389
Illinois,2015,809.0,2670.0,0.3029962546816479,-0.6208699246780127
Illinois,2016,1270.0,2220.0,0.5720720720720721,-0.5541794159551188
Illinois,2017,1942.0,1620.0,1.1987654320987655,-0.3988533097342953
Illinois,2018,2485.0,2030.0,1.2241379310344827,-0.3925647295192295
Illinois,2019,2573.0,2390.0,1.0765690376569037,-0.42913971669745477
Indiana,2011,119.0,790.0,0.15063291139240506,-0.6586332174674827
Indiana,2012,458.0,880.0,0.5204545454545455,-0.5669728328534702
Indiana,2013,696.0,1230.0,0.5658536585365853,-0.5557206513071207
Indiana,2014,934.0,1370.0,0.6817518248175183,-0.5269952617708663
Indiana,2015,1266.0,1450.0,0.8731034482758621,-0.47956871397793654
Indiana,2016,1974.0,1290.0,1.5302325581395348,-0.3166990995382168
Indiana,2017,2935.0,1550.0,1.8935483870967742,-0.22665118034865492
Indiana,2018,3424.0,1220.0,2.8065573770491805,-0.0003616735508266625
Indiana,2019,3698.0,1160.0,3.1879310344827587,0.09416188294868495
Iowa,2011,1178.0,650.0,1.8123076923076924,-0.24678670689663834
Iowa,2012,1173.0,1060.0,1.1066037735849057,-0.42169559987632155
Iowa,2013,1158.0,990.0,1.1696969696969697,-0.40605793541998153
Iowa,2014,1143.0,950.0,1.2031578947368422,-0.3977646367694758
Iowa,2015,1361.0,560.0,2.430357142857143,-0.09360299580438013
Iowa,2016,2155.0,680.0,3.1691176470588234,0.08949898016436438
Iowa,2017,2926.0,850.0,3.4423529411764706,0.15722041623572777
Iowa,2018,3933.0,1330.0,2.9571428571428573,0.03696097540040505
Iowa,2019,3918.0,1430.0,2.7398601398601397,-0.016892600490628858
Kansas,2011,847.0,180.0,4.705555555555556,0.47030550054412135
Kansas,2012,753.0,400.0,1.8825,-0.22938952585735667
Kansas,2013,704.0,490.0,1.436734693877551,-0.3398725686095318
Kansas,2014,655.0,690.0,0.9492753623188406,-0.4606894860072123
Kansas,2015,773.0,630.0,1.226984126984127,-0.3918592991403582
Kansas,2016,789.0,650.0,1.2138461538461538,-0.3951155490726509
Kansas,2017,855.0,650.0,1.3153846153846154,-0.36994921595281327
Kansas,2018,949.0,580.0,1.6362068965517242,-0.29043333322438175
Kansas,2019,1153.0,420.0,2.7452380952380953,-0.015559672903440762
Kentucky,2011,4821.0,640.0,7.5328125,1.1710418422338333
Kentucky,2012,4971.0,830.0,5.989156626506024,0.7884463474219677
Kentucky,2013,5863.0,900.0,6.514444444444444,0.9186390646419688
Kentucky,2014,6755.0,970.0,6.963917525773196,1.0300410804075368
Kentucky,2015,6726.0,940.0,7.1553191489361705,1.0774800206397805
Kentucky,2016,6779.0,740.0,9.16081081081081,1.5745416312559324
Kentucky,2017,7403.0,700.0,10.575714285714286,1.9252258118346266
Kentucky,2018,7604.0,900.0,8.448888888888888,1.3980916046262146
Kentucky,2019,8315.0,830.0,10.018072289156626,1.787014103341628
Louisiana,2011,7655.0,470.0,16.28723404255319,3.3408274138610223
Louisiana,2012,6993.0,570.0,12.26842105263158,2.34476360790718
Louisiana,2013,7116.5,540.0,13.178703703703704,2.5703773909307936
Louisiana,2014,7240.0,560.0,12.928571428571429,2.5083820439004736
Louisiana,2015,7873.0,550.0,14.314545454545454,2.851896053317415
Louisiana,2016,8336.0,660.0,12.63030303030303,2.434456146696491
Louisiana,2017,8906.0,1150.0,7.7443478260869565,1.223470925777721
Louisiana,2018,10160.0,1520.0,6.684210526315789,0.9607156305470526
Louisiana,2019,11196.0,1290.0,8.679069767441861,1.4551419930180731
Maine,2011,647.0,340.0,1.9029411764705881,-0.224323175150188
Maine,2012,586.0,310.0,1.8903225806451613,-0.22745069728550213
Maine,2013,613.0,290.0,2.113793103448276,-0.1720634722466712
Maine,2014,640.0,300.0,2.1333333333333333,-0.16722042137634374
Maine,2015,666.0,280.0,2.3785714285714286,-0.10643809805840987
Maine,2016,700.0,200.0,3.5,0.17150825420126836
Maine,2017,724.0,270.0,2.6814814814814816,-0.031361765589117185
Maine,2018,745.0,280.0,2.6607142857142856,-0.03650892026059276
Maine,2019,986.0,260.0,3.792307692307692,0.24395678894019474
Maryland,2011,624.0,980.0,0.636734693877551,-0.5381527689476462
Maryland,2012,644.0,600.0,1.0733333333333333,-0.4299416868243453
Maryland,2013,626.0,540.0,1.1592592592592592,-0.4086449245658071
Maryland,2014,608.0,520.0,1.1692307692307693,-0.40617348332227643
Maryland,2015,657.0,700.0,0.9385714285714286,-0.46334245866701573
Maryland,2016,804.0,710.0,1.1323943661971831,-0.4153033950388202
Maryland,2017,777.0,920.0,0.8445652173913043,-0.48664192164929343
Maryland,2018,980.0,1060.0,0.9245283018867925,-0.4668230511325197
Maryland,2019,849.0,1120.0,0.7580357142857143,-0.5080882806629609
Massachusetts,2011,487.0,770.0,0.6324675324675325,-0.5392103859717131
Massachusetts,2012,452.0,670.0,0.6746268656716418,-0.5287611846794229
Massachusetts,2013,442.0,830.0,0.5325301204819277,-0.563979898558936
Massachusetts,2014,432.0,790.0,0.5468354430379747,-0.5604343207810432
Massachusetts,2015,459.0,960.0,0.478125,-0.5774642212946559
Massachusetts,2016,437.0,920.0,0.475,-0.5782387533272266
Massachusetts,2017,438.0,840.0,0.5214285714285715,-0.5667314202718897
Massachusetts,2018,450.0,860.0,0.5232558139534884,-0.5662785377545061
Massachusetts,2019,466.0,1090.0,0.42752293577981654,-0.5900059555835311
Michigan,2011,276.0,1130.0,0.24424778761061947,-0.6354307469535135
Michigan,2012,344.0,1310.0,0.26259541984732826,-0.6308832817089828
Michigan,2013,830.5,1360.0,0.6106617647058824,-0.544614950972096
Michigan,2014,1317.0,1430.0,0.920979020979021,-0.4677027412943312
Michigan,2015,2226.0,1600.0,1.39125,-0.35114596137748005
Michigan,2016,3878.0,2010.0,1.9293532338308457,-0.21777694011927093
Michigan,2017,6432.0,2470.0,2.604048582995951,-0.05055352886970698
Michigan,2018,8359.0,2650.0,3.1543396226415092,0.08583624311178115
Michigan,2019,9096.0,2100.0,4.331428571428572,0.3775780338383802
Minnesota,2011,512.0,680.0,0.7529411764705882,-0.5093509631362274
Minnesota,2012,765.0,680.0,1.125,-0.4171360905525088
Minnesota,2013,871.5,920.0,0.9472826086956522,-0.4611833904917502
Minnesota,2014,978.0,860.0,1.1372093023255814,-0.4141100119136277
Minnesota,2015,1177.0,840.0,1.401190476190476,-0.3486822118643502
Minnesota,2016,1296.0,740.0,1.7513513513513514,-0.26189475126751544
Minnesota,2017,1660.0,780.0,2.128205128205128,-0.16849144830158808
Minnesota,2018,2014.0,1050.0,1.918095238095238,-0.22056723718159832
Minnesota,2019,2006.0,940.0,2.1340425531914895,-0.167044641056895
Mississippi,2011,1965.0,750.0,2.62,-0.04659996617065745
Mississippi,2012,2502.0,630.0,3.9714285714285715,0.28835194368622863
Mississippi,2013,2848.5,720.0,3.95625,0.2845899309565992
Mississippi,2014,3195.0,730.0,4.376712328767123,0.38880162443481836
Mississippi,2015,3684.0,640.0,5.75625,0.7307203817173565
Mississippi,2016,3925.0,490.0,8.010204081632653,1.2893634652911479
Mississippi,2017,4310.0,530.0,8.132075471698114,1.3195693198382281
Mississippi,2018,4552.0,670.0,6.794029850746269,0.9879343776083924
Mississippi,2019,4870.0,640.0,7.609375,1.1900178770318168
Missouri,2011,242.0,790.0,0.30632911392405066,-0.6200438746801599
Missouri,2012,250.0,920.0,0.2717391304347826,-0.62861701075009
Missouri,2013,422.5,1500.0,0.2816666666666667,-0.6261564684089377
Missouri,2014,595.0,1420.0,0.41901408450704225,-0.5921148765022972
Missouri,2015,839.0,1240.0,0.6766129032258065,-0.5282689447742744
Missouri,2016,846.0,780.0,1.0846153846153845,-0.4271454275888078
Missouri,2017,828.0,690.0,1.2,-0.39854732177081054
Missouri,2018,1279.0,880.0,1.4534090909090909,-0.33573981512961804
Missouri,2019,1408.0,1010.0,1.394059405940594,-0.350449649411565
Montana,2011,450.0,210.0,2.142857142857143,-0.16485994280089
Montana,2012,501.0,260.0,1.926923076923077,-0.21837925511742773
Montana,2013,538.0,270.0,1.9925925925925927,-0.20210304921360459
Montana,2014,575.0,260.0,2.2115384615384617,-0.14783726076636777
Montana,2015,614.0,300.0,2.046666666666667,-0.18870077641297275
Montana,2016,630.0,380.0,1.6578947368421053,-0.28505799657728453
Montana,2017,740.0,410.0,1.8048780487804879,-0.24862814590540697
Montana,2018,878.0,330.0,2.6606060606060606,-0.036535743880768336
Montana,2019,984.0,310.0,3.174193548387097,0.09075704357969759
Nebraska,2011,234.0,650.0,0.36,-0.6067415321258307
Nebraska,2012,281.0,740.0,0.37972972972972974,-0.6018515136715461
Nebraska,2013,407.0,940.0,0.4329787234042553,-0.5886537372545612
Nebraska,2014,533.0,900.0,0.5922222222222222,-0.5491851961943501
Nebraska,2015,703.0,950.0,0.74,-0.5125584369652263
Nebraska,2016,967.0,800.0,1.20875,-0.3963786320796124
Nebraska,2017,1245.0,770.0,1.6168831168831168,-0.29522273685435807
Nebraska,2018,2313.0,490.0,4.720408163265306,0.47398672308441225
Nebraska,2019,2488.0,560.0,4.442857142857143,0.40519563317118895
Nevada,2011,1864.0,60.0,31.066666666666666,7.003913490852127
Nevada,2012,2127.0,60.0,35.45,8.090323755204711
Nevada,2013,2005.0,70.0,28.642857142857142,6.403171693399149
Nevada,2014,1883.0,80.0,23.5375,5.137807647044978
Nevada,2015,1940.0,150.0,12.933333333333334,2.5095622831882007
Nevada,2016,2094.0,200.0,10.47,1.8990244996470902
Nevada,2017,2506.0,220.0,11.39090909090909,2.1272720484453966
Nevada,2018,2630.0,390.0,6.743589743589744,0.9754327844183027
Nevada,2019,2787.0,560.0,4.976785714285715,0.5375299633075644
New Hampshire,2011,205.0,190.0,1.0789473684210527,-0.42855024682197257
New Hampshire,2012,153.0,210.0,0.7285714285714285,-0.5153910112557708
New Hampshire,2013,158.0,210.0,0.7523809523809524,-0.5094898148171364
New Hampshire,2014,163.0,180.0,0.9055555555555556,-0.4715254510619221
New Hampshire,2015,166.0,200.0,0.83,-0.4902519144271884
New Hampshire,2016,169.0,170.0,0.9941176470588236,-0.4495753145048841
New Hampshire,2017,177.0,180.0,0.9833333333333333,-0.4522482093623832
New Hampshire,2018,186.0,250.0,0.744,-0.5115670359635358
New Hampshire,2019,217.0,250.0,0.868,-0.48083360491112803
New Jersey,2011,457.0,1580.0,0.2892405063291139,-0.6242792903519391
New Jersey,2012,545.0,1660.0,0.32831325301204817,-0.6145951003018734
New Jersey,2013,596.5,1680.0,0.3550595238095238,-0.6079660303868473
New Jersey,2014,648.0,1690.0,0.3834319526627219,-0.6009339167904835
New Jersey,2015,806.0,2580.0,0.3124031007751938,-0.6185384355180402
New Jersey,2016,1016.0,3460.0,0.29364161849710985,-0.6231884735989632
New Jersey,2017,1197.0,3160.0,0.3787974683544304,-0.6020825748868733
New Jersey,2018,1443.0,2400.0,0.60125,-0.546947659211368
New Jersey,2019,2150.0,3030.0,0.7095709570957096,-0.520100282869176
New Mexico,2011,474.0,1720.0,0.2755813953488372,-0.6276647044289515
New Mexico,2012,226.0,2090.0,0.10813397129186603,-0.6691665904140982
New Mexico,2013,199.0,2040.0,0.09754901960784314,-0.6717900733396949
New Mexico,2014,172.0,2430.0,0.07078189300411522,-0.6784243123715235
New Mexico,2015,244.0,2040.0,0.11960784313725491,-0.6663227884039012
New Mexico,2016,381.0,1780.0,0.2140449438202247,-0.642916529350439
New Mexico,2017,401.0,1430.0,0.2804195804195804,-0.6264655590475766
New Mexico,2018,488.0,1670.0,0.29221556886227545,-0.623541920358072
New Mexico,2019,623.0,1570.0,0.39681528662420384,-0.5976168541166405
New York,2011,4070.0,1310.0,3.1068702290076335,0.07407094201221404
New York,2012,3678.0,1810.0,2.0320441988950275,-0.19232495871197058
New York,2013,4206.0,1830.0,2.2983606557377048,-0.12631835819184203
New York,2014,4734.0,1800.0,2.63,-0.04412146366643108
New York,2015,5104.0,1670.0,3.0562874251497005,0.061533981408945906
New York,2016,5551.0,1580.0,3.5132911392405064,0.17480246639043007
New York,2017,6903.0,2310.0,2.9883116883116885,0.04468617801098094
New York,2018,7671.0,3040.0,2.5233552631578946,-0.07055338839900374
New York,2019,8143.0,2290.0,3.55589519650655,0.18536189265283964
North Carolina,2011,16962.0,2350.0,7.217872340425532,1.0929838448151543
North Carolina,2012,19193.0,2450.0,7.833877551020408,1.2456608905227473
North Carolina,2013,22462.5,2640.0,8.508522727272727,1.4128718664033124
North Carolina,2014,25732.0,2520.0,10.21111111111111,1.8348588237043388
North Carolina,2015,29350.0,3000.0,9.783333333333333,1.7288339943568751
North Carolina,2016,31929.0,2820.0,11.322340425531914,2.110277287560517
North Carolina,2017,32740.0,2570.0,12.73929961089494,2.4614709764914076
North Carolina,2018,33760.0,2650.0,12.739622641509435,2.4615510397101037
North Carolina,2019,33011.0,2680.0,12.317537313432835,2.3569370854465954
North Dakota,2011,801.0,160.0,5.00625,0.5448326939003743
North Dakota,2012,940.0,220.0,4.2727272727272725,0.3630289022551288
North Dakota,2013,1045.0,240.0,4.354166666666667,0.383213676437276
North Dakota,2014,1150.0,280.0,4.107142857142857,0.32198876338644433
North Dakota,2015,1340.0,210.0,6.380952380952381,0.8855530232760257
North Dakota,2016,1374.0,310.0,4.432258064516129,0.40256864895011946
North Dakota,2017,1480.0,270.0,5.481481481481482,0.6626189355942833
North Dakota,2018,1637.0,230.0,7.1173913043478265,1.0680795948605684
North Dakota,2019,1870.0,210.0,8.904761904761905,1.5110798457712675
Ohio,2011,733.0,1590.0,0.4610062893081761,-0.5817070980265373
Ohio,2012,770.0,1760.0,0.4375,-0.5875331377180758
Ohio,2013,807.5,1950.0,0.41410256410256413,-0.5933321980645031
Ohio,2014,845.0,1850.0,0.45675675675675675,-0.5827603457335857
Ohio,2015,1027.0,2010.0,0.5109452736318408,-0.5693297082560645
Ohio,2016,1297.0,1850.0,0.701081081081081,-0.522204500765459
Ohio,2017,1654.0,2110.0,0.7838862559241706,-0.5016812174443084
Ohio,2018,1692.0,2060.0,0.8213592233009709,-0.49239353309588896
Ohio,2019,2985.0,2290.0,1.3034934497816595,-0.372896444325323
Oklahoma,2011,471.0,1240.0,0.37983870967741934,-0.6018245029642202
Oklahoma,2012,422.0,1110.0,0.3801801801801802,-0.6017398694145989
Oklahoma,2013,449.5,760.0,0.5914473684210526,-0.5493772439030111
Oklahoma,2014,477.0,390.0,1.2230769230769232,-0.39282770060721106
Oklahoma,2015,501.0,550.0,0.9109090909090909,-0.47019857598390186
Oklahoma,2016,526.0,490.0,1.073469387755102,-0.4299079657018388
Oklahoma,2017,572.0,500.0,1.144,-0.4124269357944786
Oklahoma,2018,646.0,460.0,1.4043478260869566,-0.34789966190183563
Oklahoma,2019,718.0,490.0,1.4653061224489796,-0.3327911328831705
Oregon,2011,107.0,4570.0,0.023413566739606127,-0.6901645638982835
Oregon,2012,110.0,5450.0,0.02018348623853211,-0.6909651401593601
Oregon,2013,182.0,5180.0,0.03513513513513514,-0.6872593702361055
Oregon,2014,254.0,5830.0,0.04356775300171527,-0.6851693437861551
Oregon,2015,670.0,5670.0,0.11816578483245149,-0.6666802029158709
Oregon,2016,1121.0,5460.0,0.2053113553113553,-0.6450811514494504
Oregon,2017,1562.0,5160.0,0.30271317829457367,-0.6209400852314378
Oregon,2018,2476.0,5750.0,0.4306086956521739,-0.5892411492264231
Oregon,2019,2605.0,6040.0,0.43129139072847683,-0.5890719430807991
Pennsylvania,2011,517.0,2290.0,0.225764192139738,-0.6400119107196823
Pennsylvania,2012,558.0,2410.0,0.23153526970954358,-0.6385815476987975
Pennsylvania,2013,616.5,2280.0,0.27039473684210524,-0.6289502190387017
Pennsylvania,2014,675.0,1980.0,0.3409090909090909,-0.6114732187248084
Pennsylvania,2015,785.0,1960.0,0.4005102040816326,-0.5967010678995256
Pennsylvania,2016,892.0,2200.0,0.40545454545454546,-0.5954756116520742
Pennsylvania,2017,1380.0,2510.0,0.549800796812749,-0.5596993571053737
Pennsylvania,2018,1595.0,2510.0,0.6354581673306773,-0.53846915637196
Pennsylvania,2019,1855.0,2730.0,0.6794871794871795,-0.5275565546831092
Rhode Island,2011,7.0,70.0,0.1,-0.6711825972357178
Rhode Island,2012,4.0,40.0,0.1,-0.6711825972357178
Rhode Island,2013,4.0,40.0,0.1,-0.6711825972357178
Rhode Island,2014,4.0,40.0,0.1,-0.6711825972357178
Rhode Island,2015,6.0,40.0,0.15,-0.6587900847145857
Rhode Island,2016,4.0,40.0,0.1,-0.6711825972357178
Rhode Island,2017,6.0,40.0,0.15,-0.6587900847145857
Rhode Island,2018,5.0,40.0,0.125,-0.6649863409751517
Rhode Island,2019,5.0,40.0,0.125,-0.6649863409751517
South Carolina,2011,2640.0,1170.0,2.2564102564102564,-0.13671577517048
South Carolina,2012,2924.0,1010.0,2.895049504950495,0.021571122509946677
South Carolina,2013,2982.5,930.0,3.206989247311828,0.0988854657709778
South Carolina,2014,3041.0,830.0,3.663855421686747,0.2121198614994364
South Carolina,2015,3594.0,930.0,3.8645161290322583,0.261853668065006
South Carolina,2016,3896.0,930.0,4.189247311827957,0.34233837304096104
South Carolina,2017,4529.0,1120.0,4.04375,0.3062768278685805
South Carolina,2018,6034.0,1280.0,4.7140625,0.4724139488550083
South Carolina,2019,6082.0,1400.0,4.344285714285714,0.38076467991524265
South Dakota,2011,525.0,140.0,3.75,0.2334708168069291
South Dakota,2012,629.0,110.0,5.718181818181818,0.7212851733205854
South Dakota,2013,642.5,150.0,4.283333333333333,0.3656576170323387
South Dakota,2014,656.0,130.0,5.046153846153846,0.5547228721624317
South Dakota,2015,751.0,110.0,6.827272727272727,0.9961736328802441
South Dakota,2016,826.0,90.0,9.177777777777777,1.5787468982676078
South Dakota,2017,1014.0,70.0,14.485714285714286,2.8943202909871606
South Dakota,2018,1335.0,80.0,16.6875,3.440033431649873
South Dakota,2019,1618.0,100.0,16.18,3.3142494295603813
Tennessee,2011,2006.0,980.0,2.046938775510204,-0.18863333416795985
Tennessee,2012,2299.0,830.0,2.769879518072289,-0.009452290083215596
Tennessee,2013,2573.5,720.0,3.5743055555555556,0.18992490475350643
Tennessee,2014,2848.0,430.0,6.623255813953488,0.945607989823616
Tennessee,2015,2983.0,370.0,8.062162162162162,1.3022412885618666
Tennessee,2016,3224.0,480.0,6.716666666666667,0.96875989306077
Tennessee,2017,3780.0,840.0,4.5,0.41935850462391133
Tennessee,2018,4076.0,1020.0,3.996078431372549,0.2944614176462265
Tennessee,2019,4521.0,1590.0,2.8433962264150945,0.008768844489797138
Texas,2011,2145.0,4770.0,0.449685534591195,-0.5845129499181143
Texas,2012,2094.0,4380.0,0.4780821917808219,-0.5774748313224993
Texas,2013,2303.5,4400.0,0.5235227272727273,-0.5662123832214917
Texas,2014,2513.0,4340.0,0.5790322580645161,-0.5524543321139034
Texas,2015,2856.0,5850.0,0.4882051282051282,-0.5749658589947226
Texas,2016,3117.0,5110.0,0.6099804305283757,-0.5447838198186126
Texas,2017,3733.0,5520.0,0.676268115942029,-0.5283544003889014
Texas,2018,4379.0,4540.0,0.9645374449339207,-0.4569067750090936
Texas,2019,5062.0,4500.0,1.1248888888888888,-0.4171636294692224
Utah,2011,2224.0,450.0,4.942222222222222,0.5289633931441468
Utah,2012,1792.0,740.0,2.4216216216216218,-0.09576809693017636
Utah,2013,1254.0,790.0,1.5873417721518988,-0.3025445665438121
Utah,2014,716.0,860.0,0.8325581395348837,-0.4896178789028514
Utah,2015,790.0,740.0,1.0675675675675675,-0.43137073331326864
Utah,2016,1001.0,640.0,1.5640625,-0.3083143399763171
Utah,2017,1084.0,660.0,1.6424242424242423,-0.28889236249291395
Utah,2018,1287.0,390.0,3.3,0.12193820411673971
Utah,2019,1503.0,270.0,5.566666666666666,0.6837321050747305
Vermont,2011,457.0,160.0,2.85625,0.011954655491691968
Vermont,2012,418.0,110.0,3.8,0.2458633293280612
Vermont,2013,457.0,100.0,4.57,0.4367080221534964
Vermont,2014,496.0,190.0,2.610526315789474,-0.04894802117466144
Vermont,2015,507.0,190.0,2.668421052631579,-0.034598796150192644
Vermont,2016,520.0,240.0,2.1666666666666665,-0.15895874636225568
Vermont,2017,527.0,560.0,0.9410714285714286,-0.4627228330409592
Vermont,2018,546.0,530.0,1.030188679245283,-0.4406351001444669
Vermont,2019,499.0,490.0,1.0183673469387755,-0.44356502031696404
Virginia,2011,4071.0,990.0,4.112121212121212,0.3232226499145226
Virginia,2012,3571.0,1010.0,3.5356435643564357,0.1803425205529665
Virginia,2013,4221.5,1010.0,4.17970297029703,0.3399728056024015
Virginia,2014,4872.0,830.0,5.869879518072289,0.7588834862269777
Virginia,2015,4960.0,890.0,5.573033707865169,0.6853101778302306
Virginia,2016,5074.0,1062.5,4.775529411764706,0.4876485383285971
Virginia,2017,5153.0,1235.0,4.172469635627531,0.3381800217931753
Virginia,2018,5697.0,1407.5,4.047602131438721,0.3072315796103283
Virginia,2019,5282.0,1580.0,3.3430379746835444,0.13260517691973958
Washington,2011,5068.0,5050.0,1.0035643564356436,-0.4472339452201693
Washington,2012,7086.0,5990.0,1.1829716193656092,-0.40276781017533636
Washington,2013,11104.5,6310.0,1.759825673534073,-0.2597943883923658
Washington,2014,15123.0,8410.0,1.7982164090368609,-0.2502792349840903
Washington,2015,19408.0,10160.0,1.910236220472441,-0.22251509666748454
Washington,2016,22321.0,10490.0,2.1278360343183986,-0.16858292831384344
Washington,2017,28374.0,9710.0,2.922142121524202,0.028286034312344572
Washington,2018,29991.0,11100.0,2.7018918918918917,-0.026303040257668112
Washington,2019,30650.0,12720.0,2.4095911949685536,-0.09874984118883055
West Virginia,2011,38.0,150.0,0.25333333333333335,-0.6331788921709125
West Virginia,2012,134.0,310.0,0.432258064516129,-0.5888323527404526
West Virginia,2013,85.5,240.0,0.35625,-0.6076709705649155
West Virginia,2014,37.0,280.0,0.13214285714285715,-0.6632159820435615
West Virginia,2015,72.0,260.0,0.27692307692307694,-0.6273321683147887
West Virginia,2016,116.0,230.0,0.5043478260869565,-0.5709648872822144
West Virginia,2017,182.0,220.0,0.8272727272727273,-0.49092786965561386
West Virginia,2018,217.0,210.0,1.0333333333333334,-0.43985569684125103
West Virginia,2019,255.0,240.0,1.0625,-0.4326267312039239
Wisconsin,2011,126.0,850.0,0.14823529411764705,-0.6592274675094492
Wisconsin,2012,171.0,940.0,0.1819148936170213,-0.6508799703393949
Wisconsin,2013,331.5,920.0,0.36032608695652174,-0.6066607113919972
Wisconsin,2014,492.0,1220.0,0.40327868852459015,-0.5960148983370475
Wisconsin,2015,448.0,1310.0,0.3419847328244275,-0.6112066206067271
Wisconsin,2016,853.0,1120.0,0.7616071428571428,-0.5072031011971657
Wisconsin,2017,1279.0,1470.0,0.8700680272108844,-0.48032104384902946
Wisconsin,2018,1570.0,1450.0,1.0827586206896551,-0.4276056269927756
Wisconsin,2019,1992.0,1850.0,1.0767567567567569,-0.42909319047154704
Wyoming,2011,336.0,40.0,8.4,1.385974481272219
Wyoming,2012,392.0,100.0,3.92,0.2756053593787784
Wyoming,2013,350.5,120.0,2.9208333333333334,0.027961650831487633
Wyoming,2014,309.0,80.0,3.8625,0.2613539699794764
Wyoming,2015,326.0,60.0,5.433333333333334,0.6506854050183782
Wyoming,2016,344.0,40.0,8.6,1.4355445313567474
Wyoming,2017,443.0,50.0,8.86,1.4999855964666347
Wyoming,2018,426.0,50.0,8.52,1.415716511322936
Wyoming,2019,472.0,70.0,6.742857142857143,0.9752512091432678
