cell,window,outcome,model,family,family_label,converged,zi_tier_reached,zi_degenerate,zi_degenerate_reason,collapsed_to,eligible,n_obs,n_states,n_years,aic,bic,loglik,df,delta_aic_to_winner,is_winner,obs_zeros,exp_zeros,exp_zeros_se,message
insp_2019,2019,inspections,M1,poisson,Poisson,True,,False,,,True,450,50,9,4356.6517631696,4381.3072486661,-2172.3258815848,6,1022.8475813843997,False,15,4.19,0.075377655147,NA/NaN function evaluation
insp_2019,2019,inspections,M1,nbinom1,NB1,True,,False,,,True,450,50,9,3417.9080380263,3446.6727711056,-1701.9540190131,7,84.10385624109995,False,15,13.2525,0.12907440481,NA/NaN function evaluation
insp_2019,2019,inspections,M1,nbinom2,NB2,True,,False,,,True,450,50,9,3353.8434810924,3382.6082141718,-1669.9217405462,7,20.039299307200054,False,15,5.7735,0.081057905642,
insp_2019,2019,inspections,M1,zip,ZIP,True,mirror,False,,,True,450,50,9,4286.5163412267,4327.6088170544,-2133.2581706134,10,952.7121594415003,False,15,8.084,0.080772731272,
insp_2019,2019,inspections,M1,zinb1,ZI-NB1,True,intercept,False,,,True,450,50,9,3416.7121036902,3449.5860843524,-1700.3560518451,8,82.90792190499997,False,15,15.606,0.13293877673,NA/NaN function evaluation
insp_2019,2019,inspections,M1,zinb2,ZI-NB2,True,mirror,False,,,True,450,50,9,3338.6287904805,3383.8305138909,-1658.3143952403,11,4.824608695299958,False,15,9.7215,0.091036326163,
insp_2019,2019,inspections,M1,zinb1_re,ZI-NB1 + ZI-RE,True,intercept,False,,,True,450,50,9,3408.8206769743,3445.8039052192,-1695.4103384872,9,75.01649518910017,False,15,57.32,0.41117737464,NA/NaN function evaluation
insp_2019,2019,inspections,M1,zinb2_re,ZI-NB2 + ZI-RE,True,mirror,False,,,True,450,50,9,3333.8041817852,3383.1151527783,-1654.9020908926,12,0.0,True,15,36.3235,0.3065116614,
insp_2019,2019,inspections,M3,poisson,Poisson,True,,False,,,True,423,47,9,4257.2367406817,4305.8052068302,-2116.6183703408,12,1020.7407080766002,False,4,0.725,0.024728389487,NA/NaN function evaluation
insp_2019,2019,inspections,M3,nbinom1,NB1,True,,False,,,True,423,47,9,3310.5338238997,3363.1496622273,-1642.2669119499,13,74.03779129460008,False,4,5.8035,0.07352310316,NA/NaN function evaluation
insp_2019,2019,inspections,M3,nbinom2,NB2,True,,False,,,True,423,47,9,3253.2159959399,3305.8318342675,-1613.6079979699,13,16.719963334800013,False,4,1.4745,0.03290465367,
insp_2019,2019,inspections,M3,zip,ZIP,True,mirror,False,,,True,423,47,9,4185.1978307567,4274.2400186958,-2070.5989153784,22,948.7017981515996,False,4,4.7205,0.049894234059,
insp_2019,2019,inspections,M3,zinb1,ZI-NB1,True,covariates,False,,,True,423,47,9,3309.2325309718,3390.1799745527,-1634.6162654859,20,72.73649836669983,False,4,8.575,0.079440813953,NA/NaN function evaluation
insp_2019,2019,inspections,M3,zinb2,ZI-NB2,True,mirror,False,,,True,423,47,9,3236.4960326051,3329.5855927232,-1595.2480163026,23,0.0,True,4,5.3535,0.054952513722,
insp_2019,2019,inspections,M3,zinb1_re,ZI-NB1 + ZI-RE,True,covariates,False,,,True,423,47,9,3311.1855682509,3396.1803840109,-1634.5927841255,21,74.68953564579988,False,4,8.568,0.080320692893,NA/NaN function evaluation
insp_2019,2019,inspections,M3,zinb2_re,ZI-NB2 + ZI-RE,True,mirror,False,,,True,423,47,9,3238.3877547045,3335.5246870016,-1595.1938773522,24,1.8917220993998853,False,4,5.3325,0.056462960496,
insp_2021,2021,inspections,M1,poisson,Poisson,True,,False,,,True,539,49,11,10251.9533588481,10277.6916522735,-5119.976679424,6,5472.999319449701,False,7,0.9855,0.034252466929,NA/NaN function evaluation
insp_2021,2021,inspections,M1,nbinom1,NB1,True,,False,,,True,539,49,11,5003.9169938163,5033.9450028127,-2494.9584969082,7,224.96295441790062,False,7,17.2865,0.15937819669,NA/NaN function evaluation
insp_2021,2021,inspections,M1,nbinom2,NB2,True,,False,,,True,539,49,11,4810.2911274792,4840.3191364755,-2398.1455637396,7,31.33708808080064,False,7,2.7735,0.052966986188,
insp_2021,2021,inspections,M1,zip,ZIP,True,mirror,False,,,True,539,49,11,9992.7031480325,10035.6003037416,-4986.3515740162,10,5213.749108634101,False,7,7.9835,0.069487611407,
insp_2021,2021,inspections,M1,zinb1,ZI-NB1,True,mirror,False,,,True,539,49,11,5003.4666937723,5050.6535650523,-2490.7333468861,11,224.51265437389975,False,7,19.5855,0.15357127643,
insp_2021,2021,inspections,M1,zinb2,ZI-NB2,True,mirror,False,,,True,539,49,11,4778.9540393984,4826.1409106784,-2378.4770196992,11,0.0,True,7,8.293,0.072472074627,
insp_2021,2021,inspections,M1,zinb1_re,ZI-NB1 + ZI-RE,True,mirror,False,,,True,539,49,11,5011.2632490616,5062.7398359125,-2493.6316245308,12,232.3092096631999,False,7,18.731,0.15819871338,
insp_2021,2021,inspections,M1,zinb2_re,ZI-NB2 + ZI-RE,False,intercept,False,,,False,539,49,11,,,,9,,False,7,11.7605,0.13916448272,"NA/NaN function evaluation | NA/NaN function evaluation | NA/NaN function evaluation | NA/NaN function evaluation | NA/NaN function evaluation | NA/NaN function evaluation | NA/NaN function evaluation | Model convergence problem; non-positive-definite Hessian matrix. See vignette('troubleshooting') | Model convergence problem; false convergence (8). See vignette('troubleshooting'), help('diagnose')"
insp_2021,2021,inspections,M3,poisson,Poisson,True,,False,,,True,506,46,11,9578.0550404034,9628.7734804349,-4777.0275202017,12,4992.3296467635,False,7,0.579,0.025450016732,
insp_2021,2021,inspections,M3,nbinom1,NB1,True,,False,,,True,506,46,11,4771.5327628649,4826.4777395656,-2372.7663814324,13,185.807369225,False,7,13.858,0.13996325538,NA/NaN function evaluation
insp_2021,2021,inspections,M3,nbinom2,NB2,True,,False,,,True,506,46,11,4620.8256851708,4675.7706618715,-2297.4128425854,13,35.100291530899995,False,7,1.635,0.037303931316,
insp_2021,2021,inspections,M3,zip,ZIP,True,mirror,False,,,True,506,46,11,9337.8770022723,9430.8608089966,-4646.9385011361,22,4752.1516086324,False,7,7.5625,0.061728859548,
insp_2021,2021,inspections,M3,zinb1,ZI-NB1,True,intercept,False,,,True,506,46,11,4770.9309173426,4830.1024307127,-2371.4654586713,14,185.2055237026998,False,7,15.7505,0.13447738456,NA/NaN function evaluation
insp_2021,2021,inspections,M3,zinb2,ZI-NB2,True,mirror,False,,,True,506,46,11,4585.7253936399,4682.9357370335,-2269.8626968199,23,0.0,True,7,7.185,0.059372974282,
insp_2021,2021,inspections,M3,zinb1_re,ZI-NB1 + ZI-RE,False,intercept,False,,,False,506,46,11,,,,15,,False,7,18.56,0.15362617127,"NA/NaN function evaluation | NA/NaN function evaluation | NA/NaN function evaluation | NA/NaN function evaluation | NA/NaN function evaluation | NA/NaN function evaluation | NA/NaN function evaluation | NA/NaN function evaluation | NA/NaN function evaluation | Model convergence problem; non-positive-definite Hessian matrix. See vignette('troubleshooting') | Model convergence problem; false convergence (8). See vignette('troubleshooting'), help('diagnose')"
insp_2021,2021,inspections,M3,zinb2_re,ZI-NB2 + ZI-RE,True,mirror,False,,,True,506,46,11,4587.725255773,4689.1621358359,-2269.8626278865,24,1.9998621330996684,False,7,7.213,0.061038334997,
viol_2019,2019,violations,M1,poisson,Poisson,True,,False,,,True,394,50,9,2906.2218027031,2934.0562590682,-1446.1109013516,7,524.0681913874,False,10,24.785,0.17154620821,NA/NaN function evaluation
viol_2019,2019,violations,M1,nbinom1,NB1,True,,False,,,True,394,50,9,2475.9853353933,2507.7961426677,-1229.9926676967,8,93.83172407760003,False,10,43.311,0.21454056336,NA/NaN function evaluation
viol_2019,2019,violations,M1,nbinom2,NB2,True,,False,,,True,394,50,9,2382.1536113157,2413.96441859,-1183.0768056578,8,0.0,True,10,29.387,0.17133386456,
viol_2019,2019,violations,M1,zip,ZIP,True,intercept,True,|zi_intercept| > 15; se(zi_intercept) > 100; loglik matches non-ZI counterpart within 1e-4,,False,394,50,9,2908.2218030423,2940.0326103167,-1446.1109015211,8,526.0681917266002,False,10,24.478,0.17175129477,NA/NaN function evaluation
viol_2019,2019,violations,M1,zinb1,ZI-NB1,True,intercept,True,|zi_intercept| > 15; se(zi_intercept) > 100; loglik matches non-ZI counterpart within 1e-4,,False,394,50,9,2477.9853356068,2513.7724937905,-1229.9926678034,9,95.83172429110027,False,10,43.172,0.21433193203,NA/NaN function evaluation
viol_2019,2019,violations,M1,zinb2,ZI-NB2,True,intercept,True,|zi_intercept| > 15; se(zi_intercept) > 100; loglik matches non-ZI counterpart within 1e-4,,False,394,50,9,2384.1536115657,2419.9407697494,-1183.0768057828,9,2.0000002500000846,False,10,29.7575,0.17534600077,
viol_2019,2019,violations,M1,zinb1_re,ZI-NB1 + ZI-RE,True,intercept,True,|zi_intercept| > 15; se(zi_intercept) > 100; loglik matches non-ZI counterpart within 1e-4,,False,394,50,9,2479.9853355901,2519.7488446831,-1229.992667795,10,97.83172427440013,False,10,43.172,0.21729315718,NA/NaN function evaluation
viol_2019,2019,violations,M1,zinb2_re,ZI-NB2 + ZI-RE,False,intercept,True,|zi_intercept| > 15,,False,394,50,9,,,,10,,False,10,29.6625,0.17510033392,
viol_2019,2019,violations,M3,poisson,Poisson,True,,False,,,True,378,47,9,2840.1853734198,2891.3389979629,-1407.0926867099,13,523.5106077252999,False,7,18.243,0.12363704364,NA/NaN function evaluation
viol_2019,2019,violations,M3,nbinom1,NB1,True,,False,,,True,378,47,9,2402.710079175,2457.7985979137,-1187.3550395875,14,86.03531348050001,False,7,35.855,0.16517151181,NA/NaN function evaluation
viol_2019,2019,violations,M3,nbinom2,NB2,True,,False,,,True,378,47,9,2316.6747656945,2371.7632844332,-1144.3373828472,14,0.0,True,7,23.2095,0.13165854268,
viol_2019,2019,violations,M3,zip,ZIP,True,intercept,True,|zi_intercept| > 15; se(zi_intercept) > 100; loglik matches non-ZI counterpart within 1e-4,,False,378,47,9,2842.1853737918,2897.2738925305,-1407.0926868959,14,525.5106080973001,False,7,18.341,0.12903753269,NA/NaN function evaluation
viol_2019,2019,violations,M3,zinb1,ZI-NB1,True,intercept,True,|zi_intercept| > 15; se(zi_intercept) > 100; loglik matches non-ZI counterpart within 1e-4,,False,378,47,9,2404.7100793666,2463.7334923009,-1187.3550396833,15,88.03531367210007,False,7,35.8705,0.17242746443,NA/NaN function evaluation
viol_2019,2019,violations,M3,zinb2,ZI-NB2,True,intercept,True,|zi_intercept| > 15; se(zi_intercept) > 100; loglik matches non-ZI counterpart within 1e-4,,False,378,47,9,2318.6747659561,2377.6981788904,-1144.3373829781,15,2.000000261600235,False,7,23.06,0.13180434816,
viol_2019,2019,violations,M3,zinb1_re,ZI-NB1 + ZI-RE,False,intercept,True,|zi_intercept| > 15,,False,378,47,9,,,,16,,False,7,35.8345,0.16673618489,"NA/NaN function evaluation | failed to invert Hessian from numDeriv::jacobian(), falling back to internal vcov estimate"
viol_2019,2019,violations,M3,zinb2_re,ZI-NB2 + ZI-RE,False,intercept,True,|zi_intercept| > 15,,False,378,47,9,,,,16,,False,7,23.1505,0.13370064625,Model convergence problem; non-positive-definite Hessian matrix. See vignette('troubleshooting')
viol_2021,2021,violations,M1,poisson,Poisson,True,,False,,,True,533,49,11,7118.9777912397,7148.9274412089,-3552.4888956199,7,3327.0676873777,False,93,36.251,0.22848654786,
viol_2021,2021,violations,M1,nbinom1,NB1,True,,False,,,True,533,49,11,3896.7836785106,3931.0118499039,-1940.3918392553,8,104.87357464859997,False,93,114.3735,0.37295649498,
viol_2021,2021,violations,M1,nbinom2,NB2,True,,False,,,True,533,49,11,3903.4848785089,3937.7130499022,-1943.7424392544,8,111.57477464689964,False,93,51.6345,0.229519704,
viol_2021,2021,violations,M1,zip,ZIP,True,mirror,False,,,True,533,49,11,6450.8645228623,6502.2067799523,-3213.4322614311,12,2658.9544190003,False,93,93.365,0.21946974959,
viol_2021,2021,violations,M1,zinb1,ZI-NB1,True,mirror,False,,,True,533,49,11,3885.6634261689,3941.2842046831,-1929.8317130845,13,93.75332230689992,False,93,117.496,0.33435892383,
viol_2021,2021,violations,M1,zinb2,ZI-NB2,True,mirror,False,,,True,533,49,11,3826.0873211952,3881.7080997094,-1900.0436605976,13,34.17721733319968,False,93,84.5335,0.21635351464,
viol_2021,2021,violations,M1,zinb1_re,ZI-NB1 + ZI-RE,False,intercept,False,,,False,533,49,11,,,,10,,False,93,120.32,0.36526566976,"NA/NaN function evaluation | Model convergence problem; non-positive-definite Hessian matrix. See vignette('troubleshooting') | Model convergence problem; false convergence (8). See vignette('troubleshooting'), help('diagnose')"
viol_2021,2021,violations,M1,zinb2_re,ZI-NB2 + ZI-RE,True,mirror,False,,,True,533,49,11,3791.910103862,3851.8094038004,-1881.955051931,14,0.0,True,93,85.866,0.30073783204,
viol_2021,2021,violations,M3,poisson,Poisson,True,,False,,,True,501,46,11,6763.6679493136,6818.4838286277,-3368.8339746568,13,3171.6161663737,False,86,29.4085,0.18243479685,
viol_2021,2021,violations,M3,nbinom1,NB1,True,,False,,,True,501,46,11,3684.0731893734,3743.1056747886,-1828.0365946867,14,92.02140643350003,False,86,100.999,0.31243448458,
viol_2021,2021,violations,M3,nbinom2,NB2,True,,False,,,True,501,46,11,3690.6521128864,3749.6845983016,-1831.3260564432,14,98.6003299465001,False,86,46.4235,0.19223956903,
viol_2021,2021,violations,M3,zip,ZIP,True,mirror,False,,,True,501,46,11,6124.2702238108,6225.4687702368,-3038.1351119054,24,2532.2184408709004,False,86,86.233,0.18560328604,
viol_2021,2021,violations,M3,zinb1,ZI-NB1,True,reduced,False,,,True,501,46,11,3678.5849483807,3754.4838582002,-1821.2924741903,18,86.53316544080008,False,86,103.1905,0.29300005015,
viol_2021,2021,violations,M3,zinb2,ZI-NB2,True,mirror,False,,,True,501,46,11,3607.1247520987,3712.5399046258,-1778.5623760494,25,15.072969158799879,False,86,78.415,0.18874109012,
viol_2021,2021,violations,M3,zinb1_re,ZI-NB1 + ZI-RE,True,reduced,False,,,True,501,46,11,3680.5849489425,3760.7004648631,-1821.2924744712,19,88.53316600259996,False,86,102.653,0.29900919509,
viol_2021,2021,violations,M3,zinb2_re,ZI-NB2 + ZI-RE,True,mirror,False,,,True,501,46,11,3592.0517829399,3701.6835415681,-1770.0258914699,26,0.0,True,86,78.143,0.24513429158,
