state,mean_spending_2017,land_area_sqmi,operations,SPEND_WORK,SPEND_APP,SPEND_FLC,SPEND_OP,SPEND_AREA,SPEND_WORK_z,SPEND_APP_z,SPEND_FLC_z,SPEND_OP_z,SPEND_AREA_z,emp_farmworker,emp_pesticide_app,emp_flc_supervisor
Alabama,576913.8324467405,52420,40592.0,1311.1678010153194,2426.27312711246,1617.5154180749732,14.212500799338304,11.005605349995049,0.9937203466137715,1.3346253880487904,0.16889879025208812,-0.08943623281131396,0.4220212513499107,440.0,237.77777777777777,356.6666666666667
Alaska,323025.83605790284,663268,990.0,4455.5287732124525,,6921.982201240776,326.28872329081094,0.4870215901534566,4.68185916386757,,3.5025189645917947,6.591019469642788,-0.6791630495030656,72.5,,46.666666666666664
Arizona,236232.8970213091,113990,19086.0,21.67053382113731,497.91477123929315,502.6231851517215,12.37728686059463,2.072400184413625,-0.5187793211830823,-0.35737481977259905,-0.5317611237062088,-0.12872171673708288,-0.513190703912888,10901.111111111111,474.44444444444446,470.0
Arkansas,527405.1245324987,53179,42625.0,559.086704451412,1591.3085653997803,1751.5299338717668,12.37314075149557,9.91754498077246,0.11157624468454504,0.6020021141440565,0.25312092072755277,-0.1288104703689767,0.30811285604458566,943.3333333333334,331.42857142857144,301.1111111111111
California,986750.6347661456,163696,70521.0,5.508777758896918,366.97337656592197,170.4886871356366,13.992294986828684,6.0279459166146125,-0.5377360505201996,-0.47226677765220526,-0.7404928037111514,-0.0941500657465791,-0.09908696513434016,179123.33333333334,2688.8888888888887,5787.777777777777
Colorado,154796.02936214238,104094,38893.0,60.414755605346116,530.123388226515,642.0111816863048,3.9800485784625095,1.4870792683741847,-0.47333477153686826,-0.3291140006826004,-0.4441620008720078,-0.3084770916223587,-0.5744676037712413,2562.222222222222,292.0,241.11111111111111
Connecticut,11106.67605528172,5543,5521.0,16.63229359359991,114.89664884774191,133.28011266338063,2.0117145544795725,2.003730120021959,-0.5246888619508672,-0.693446557015865,-0.7638767289178817,-0.35061220896604084,-0.5203797322624425,667.7777777777778,96.66666666666667,83.33333333333333
Delaware,102970.82893483293,2489,2302.0,1077.6016981552282,1660.8198215295633,1203.5551433941512,44.73102907681709,41.370361163050596,0.7197619118253278,0.6629934021270741,-0.09125673139821315,0.5638582560610665,3.6008895442686972,95.55555555555556,62.0,85.55555555555556
Florida,131261.41997850587,65758,47590.0,8.017324599976606,44.31180719454437,104.35978620199229,2.7581723046544626,1.996128531562789,-0.5347936819240708,-0.7553798415542421,-0.782051860873866,-0.33463317059526854,-0.5211755380537831,16372.222222222223,2962.222222222222,1257.7777777777778
Georgia,54758.58468295849,59425,42439.0,17.064655891503687,71.52790452055537,81.86499371206419,1.2902892312014536,0.9214738692967352,-0.5241817280091488,-0.7314996108951195,-0.796188832058226,-0.36605539100763257,-0.6336804978416071,3208.8888888888887,765.5555555555555,668.8888888888889
Hawaii,0.0,10932,7328.0,0.0,0.0,0.0,0.0,0.0,-0.544197502391616,-0.7942603674449609,-0.8476373198641681,-0.3936759510861256,-0.7301490511833445,584.4444444444445,86.25,66.66666666666667
Idaho,588407.4677537789,83569,24996.0,306.6396763048066,1686.5182196764363,2353.6298710151154,23.540065120570446,7.040977728030477,-0.18452833492333517,0.6855419574164758,0.6315138072283556,0.1102341546418197,0.006966734913640637,1918.888888888889,348.8888888888889,250.0
Illinois,9063.126707443847,57914,72651.0,4.406706664883557,7.608968317816663,36.092097507519746,0.12474882255500747,0.15649284641785832,-0.5390287110057939,-0.7875840274711997,-0.8249550505044764,-0.39100551699679087,-0.7137659078243438,2056.6666666666665,1191.111111111111,251.11111111111111
Indiana,773242.4936430515,36420,56649.0,636.1227095783787,940.4300598361438,4117.85943360205,13.649711268390465,21.231260121994822,0.20193466197414753,0.030901538711082966,1.7402531965805628,-0.10148357977445754,1.4925389900457566,1215.5555555555557,822.2222222222222,187.77777777777777
Iowa,26611.994896394135,56273,86104.0,28.177406360887908,25.920774249734546,96.5757879304626,0.3090680444159869,0.4729087643522495,-0.511147166540224,-0.7715166926067936,-0.7869437557118821,-0.3870598899095278,-0.6806405128734001,944.4444444444445,1026.6666666666667,275.55555555555554
Kansas,17793.72863983089,82278,58569.0,34.14574792291642,34.738298863010414,82.54822564870001,0.30380796393708087,0.2162635047015106,-0.504146675062248,-0.7637799286216692,-0.7957594513380091,-0.38717248975564916,-0.7075085530267435,521.1111111111111,512.2222222222222,215.55555555555554
Kentucky,858735.5489609989,40408,75966.0,1037.3986497515423,4110.968053536697,2790.1155020393467,11.304209106192229,21.251622177811296,0.6726062497685125,2.8128279000164027,0.9058255080782114,-0.15169254208975788,1.4946706816033024,827.7777777777778,208.88888888888889,307.77777777777777
Louisiana,540716.2612105065,52378,27386.0,665.7245350060956,1525.5317714403006,1374.7023590097624,19.744258424395916,10.323346848113838,0.23665575232823827,0.5442875567277459,0.016301640457168837,0.028979266696726427,0.3505960130717896,812.2222222222222,354.44444444444446,393.3333333333333
Maine,234604.92501161373,35380,7600.0,834.5629743496141,1955.0410417634478,1411.1574436788796,30.86906908047549,6.631004098688913,0.43469268494932606,0.9211520396360134,0.03921203101629335,0.2671223850439106,-0.03595316140531456,281.1111111111111,120.0,166.25
Maryland,177413.29371890033,12406,12429.0,223.31743265316126,839.1169297515556,858.4514212204855,14.274140616212112,14.300604039892015,-0.28226011695139613,-0.05799367966783614,-0.30813898884374863,-0.08811674085244131,0.7669727116879805,794.4444444444445,211.42857142857142,206.66666666666666
Massachusetts,359885.7149131784,10554,7241.0,419.0131221498843,1040.991737352169,2218.4735850812367,49.70110687932308,34.099461333444985,-0.05272130916693764,0.11913740977610474,0.5465741252780613,0.6702501635646859,2.8397033496020443,858.8888888888889,345.7142857142857,162.22222222222223
Michigan,195922.08650771773,96714,47641.0,109.7944444937397,289.54002932175035,591.7109995199529,4.112467968928397,2.025788267548832,-0.4154154839666679,-0.5402091490638298,-0.4757734160994282,-0.30564245761823333,-0.518070477868783,1784.4444444444443,676.6666666666666,331.1111111111111
Minnesota,142906.3843471735,86936,68822.0,167.87827823456504,161.984566640373,710.5842315605312,2.0764636939811907,1.643811359473331,-0.3472867787166577,-0.6521301873440399,-0.4010669053947027,-0.34922615733173407,-0.558059414028325,851.25,882.2222222222222,201.11111111111111
Mississippi,0.0,48432,34988.0,0.0,0.0,0.0,0.0,0.0,-0.544197502391616,-0.7942603674449609,-0.8476373198641681,-0.3936759510861256,-0.7301490511833445,644.4444444444445,78.75,385.55555555555554
Missouri,47548.7575459289,69707,95320.0,46.36390226580282,108.68287439069464,155.61411560485823,0.4988329578884694,0.6821231375031044,-0.4898155439657727,-0.6988987115081343,-0.7498408067747258,-0.3829976896937853,-0.658737984121755,1025.5555555555557,437.5,305.55555555555554
Montana,241116.3522992391,147040,27048.0,794.8890735139752,522.902932697145,1695.349352104025,8.914387470394821,1.6398010901743683,0.38815767990454764,-0.33544944773218527,0.2178139373034223,-0.202850228655088,-0.5584792467448806,303.3333333333333,461.1111111111111,142.22222222222223
Nebraska,61900.38600829228,77358,46332.0,81.9269814815633,259.26863249546506,353.7164914759559,1.3360180006969757,0.8001807958878497,-0.44810227564942273,-0.5667701923290096,-0.6253423220477875,-0.36507649868285474,-0.6463785978225197,755.5555555555555,238.75,175.0
Nevada,138709.16976530346,110572,3423.0,641.4296867759698,1612.897322852366,1223.9044391056188,40.5226905536966,1.2544692125068142,0.2081594144048584,0.6209447458313294,-0.07846810899932485,0.4737725107896345,-0.5988194126829707,216.25,86.0,113.33333333333333
New Hampshire,182312.70061519276,9349,4123.0,891.746905183008,1657.3881874108433,4207.21616804291,44.218457583117335,19.50077020164646,0.5017658603559104,0.6599823820931905,1.7964099084277405,0.5528859008759627,1.3113750257155785,204.44444444444446,110.0,43.333333333333336
New Jersey,54315.886884888794,8723,9883.0,23.01520630715627,173.34857516453872,250.68870869948677,5.495890608609612,6.226743882252527,-0.517202104433469,-0.6421590610095543,-0.690090676448104,-0.27602823841120927,-0.07827492391280622,2360.0,313.3333333333333,216.66666666666666
New Mexico,502543.7505637265,121590,25044.0,269.7014761522683,4332.273711756263,2614.3894537997335,20.066433100292546,4.133100999783918,-0.22785453411823015,3.0070082081313863,0.795389544669473,0.035875894814040785,-0.2974571566549188,1863.3333333333333,116.0,192.22222222222223
New York,613285.5717394783,54555,33438.0,320.0446558327349,1092.713713566999,2615.910021637585,18.34097648601825,11.241601534955151,-0.16880513209179163,0.16451984309711432,0.7963451535606062,-0.001060070336206567,0.44672755210985005,1916.25,561.25,234.44444444444446
North Carolina,74669.8786643824,53819,46418.0,28.379599154537228,187.19468188842382,133.6041566559526,1.6086405847813865,1.387425977152723,-0.510910007035504,-0.6300100663048213,-0.7636730817587666,-0.35924060679104536,-0.5849002477779717,2631.1111111111113,398.8888888888889,558.8888888888889
North Dakota,183386.30146962177,70698,26364.0,774.8716963505145,534.1348586493839,2391.995236560284,6.95593618076247,2.5939390289629376,0.3646785480908163,-0.32559421465917204,0.6556247238963945,-0.24477379137111813,-0.4585911113236902,236.66666666666666,343.3333333333333,76.66666666666667
Ohio,45115.75346265586,44826,77805.0,23.242231320200503,67.33694546665055,209.29988719788804,0.5798567375188723,1.0064639598147473,-0.5169358182880489,-0.7351768856965487,-0.7161016999854273,-0.3812632551817773,-0.624782935627593,1941.111111111111,670.0,215.55555555555554
Oklahoma,631838.1523327702,69899,78531.0,949.3394609340454,1846.2803152580946,3008.7531063465244,8.045716371022529,9.039301740121749,0.5693183272413623,0.8257220738885234,1.0432294656071368,-0.22144542553689234,0.21617009159875974,665.5555555555555,342.22222222222223,210.0
Oregon,1528272.3037076236,98379,37616.0,280.0743378816659,4600.150746946024,2460.545748366478,40.62825137461781,15.534537896376499,-0.21568781587930427,3.2420516573073157,0.6987056552057721,0.47603219716512607,0.8961525159349495,5456.666666666667,332.22222222222223,621.1111111111111
Pennsylvania,8768.427935913782,46054,53157.0,3.781305770159274,12.103658193746018,20.822124386074943,0.16495340098037478,0.19039449202922182,-0.5397622671517239,-0.7836402500187347,-0.8345515457866833,-0.3901448781981594,-0.7102167646342841,2318.8888888888887,724.4444444444445,421.1111111111111
Rhode Island,0.0,1545,1043.0,0.0,,,0.0,0.0,-0.544197502391616,,,-0.3936759510861256,-0.7301490511833445,46.0,,
South Carolina,495839.24746982224,32020,24791.0,464.8492945029583,1726.8033493973908,1177.454677368971,20.000776389408344,15.485298172074398,0.001041655067917128,0.720889354155451,-0.10765970716522888,0.03447041526443258,0.8909976383755945,1066.6666666666667,287.14285714285717,421.1111111111111
South Dakota,425316.5372392249,77116,29968.0,3905.968199135739,666.8726193646382,6075.950531988927,14.19235642149042,5.5152826552106555,4.03725897209368,-0.2091260706381609,2.9708258923118644,-0.08986745318046582,-0.15275737818342774,108.88888888888889,637.7777777777778,70.0
Tennessee,0.0,42144,69983.0,0.0,0.0,0.0,0.0,0.0,-0.544197502391616,-0.7942603674449609,-0.8476373198641681,-0.3936759510861256,-0.7301490511833445,806.6666666666666,335.7142857142857,187.77777777777777
Texas,1207531.7957447232,268596,248416.0,250.3521345704333,1143.977490705527,1151.2485340786554,4.860926010179389,4.495717716364813,-0.2505501019640566,0.20950023862781086,-0.12412909636783115,-0.2896206000418861,-0.25949502747073777,4823.333333333333,1055.5555555555557,1048.888888888889
Utah,0.0,84897,18409.0,0.0,0.0,0.0,0.0,0.0,-0.544197502391616,-0.7942603674449609,-0.8476373198641681,-0.3936759510861256,-0.7301490511833445,615.5555555555555,231.25,63.75
Vermont,308745.1806507017,9616,6808.0,1081.2088038351421,,3430.5020072300185,45.35034968429813,32.107443911262656,0.7239928212513316,,1.3082797905432306,0.5771157347977143,2.631160226077416,285.55555555555554,,90.0
Virginia,136453.80812686757,42775,43225.0,129.75005527118944,337.38578932467254,222.479034989458,3.156826098944305,3.190036426110288,-0.39200880026174545,-0.49822782561232837,-0.7078191949279892,-0.3260993931991348,-0.396186028043936,1051.6666666666667,404.44444444444446,613.3333333333334
Washington,1030022.5172531864,71298,35793.0,115.96450657091165,1492.786256888676,1183.9339278772259,28.77720552211847,14.446723852747432,-0.4081783869371297,0.5155556474029983,-0.10358778795226169,0.22234293428788923,0.782269908310046,8882.222222222223,690.0,870.0
West Virginia,0.0,24230,23622.0,0.0,0.0,0.0,0.0,0.0,-0.544197502391616,-0.7942603674449609,-0.8476373198641681,-0.3936759510861256,-0.7301490511833445,237.77777777777777,128.75,57.77777777777778
Wisconsin,100825.78432670636,65496,64793.0,81.53028382213452,236.31043201571802,386.1413016767478,1.5561215613832722,1.539418961871051,-0.4485675772001639,-0.5869144149340181,-0.6049647787709523,-0.36036485459994994,-0.5689881922738257,1236.6666666666667,426.6666666666667,261.1111111111111
Wyoming,2733.2412079312803,97813,11938.0,39.756235751727715,11.603382486500719,,0.22895302462148437,0.02794353723872369,-0.49756592363830754,-0.7840792071233875,,-0.3887748710656235,-0.7272236588282386,68.75,235.55555555555554,
