state,year,time,time2,time3,wps_inspections,wps_violations,log_inspections,log_violations
Alabama,2011,-6,36,-216,98.0,23.0,4.59511985013459,3.1780538303479458
Alabama,2012,-5,25,-125,107.0,20.0,4.68213122712422,3.044522437723423
Alabama,2013,-4,16,-64,199.0,3.0,5.298317366548036,1.3862943611198906
Alabama,2014,-3,9,-27,239.0,0.0,5.480638923341991,0.0
Alabama,2015,-2,4,-8,187.0,54.0,5.236441962829949,4.007333185232471
Alabama,2016,-1,1,-1,129.0,12.0,4.867534450455582,2.5649493574615367
Alabama,2017,0,0,0,153.0,12.0,5.0369526024136295,2.5649493574615367
Alabama,2018,1,1,1,205.0,41.0,5.327876168789581,3.7376696182833684
Alabama,2019,2,4,8,107.0,1.0,4.68213122712422,0.6931471805599453
Alabama,2020,3,9,27,84.0,0.0,4.442651256490317,0.0
Alabama,2021,4,16,64,114.0,0.0,4.74493212836325,0.0
Alaska,2011,-6,36,-216,6.0,12.0,1.9459101490553132,2.5649493574615367
Alaska,2012,-5,25,-125,6.0,6.0,1.9459101490553132,1.9459101490553132
Alaska,2013,-4,16,-64,6.0,7.0,1.9459101490553132,2.0794415416798357
Alaska,2014,-3,9,-27,4.0,0.0,1.6094379124341003,0.0
Alaska,2015,-2,4,-8,4.0,7.0,1.6094379124341003,2.0794415416798357
Alaska,2016,-1,1,-1,4.0,8.0,1.6094379124341003,2.1972245773362196
Alaska,2017,0,0,0,4.0,4.0,1.6094379124341003,1.6094379124341003
Alaska,2018,1,1,1,4.0,14.0,1.6094379124341003,2.70805020110221
Alaska,2019,2,4,8,5.0,10.0,1.791759469228055,2.3978952727983707
Alaska,2020,3,9,27,3.0,6.0,1.3862943611198906,1.9459101490553132
Alaska,2021,4,16,64,4.0,7.0,1.6094379124341003,2.0794415416798357
Arizona,2011,-6,36,-216,101.0,87.0,4.624972813284271,4.477336814478207
Arizona,2012,-5,25,-125,116.0,6.0,4.762173934797756,1.9459101490553132
Arizona,2013,-4,16,-64,138.0,41.0,4.9344739331306915,3.7376696182833684
Arizona,2014,-3,9,-27,168.0,56.0,5.1298987149230735,4.04305126783455
Arizona,2015,-2,4,-8,124.0,34.0,4.8283137373023015,3.5553480614894135
Arizona,2016,-1,1,-1,115.0,58.0,4.7535901911063645,4.07753744390572
Arizona,2017,0,0,0,132.0,49.0,4.890349128221754,3.912023005428146
Arizona,2018,1,1,1,143.0,38.0,4.969813299576001,3.6635616461296463
Arizona,2019,2,4,8,113.0,34.0,4.736198448394496,3.5553480614894135
Arizona,2020,3,9,27,87.0,46.0,4.477336814478207,3.8501476017100584
Arizona,2021,4,16,64,170.0,42.0,5.14166355650266,3.7612001156935624
Arkansas,2011,-6,36,-216,62.0,3.0,4.143134726391533,1.3862943611198906
Arkansas,2012,-5,25,-125,60.0,0.0,4.110873864173311,0.0
Arkansas,2013,-4,16,-64,65.0,6.0,4.189654742026425,1.9459101490553132
Arkansas,2014,-3,9,-27,62.0,0.0,4.143134726391533,0.0
Arkansas,2015,-2,4,-8,66.0,2.0,4.204692619390966,1.0986122886681098
Arkansas,2016,-1,1,-1,65.0,3.0,4.189654742026425,1.3862943611198906
Arkansas,2017,0,0,0,63.0,0.0,4.1588830833596715,0.0
Arkansas,2018,1,1,1,59.0,0.0,4.0943445622221,0.0
Arkansas,2019,2,4,8,66.0,3.0,4.204692619390966,1.3862943611198906
Arkansas,2020,3,9,27,11.0,0.0,2.4849066497880004,0.0
Arkansas,2021,4,16,64,61.0,1.0,4.127134385045092,0.6931471805599453
California,2011,-6,36,-216,39.0,81.0,3.6888794541139363,4.406719247264253
California,2012,-5,25,-125,33.0,36.0,3.5263605246161616,3.6109179126442243
California,2013,-4,16,-64,33.0,48.0,3.5263605246161616,3.8918202981106265
California,2014,-3,9,-27,33.0,57.0,3.5263605246161616,4.060443010546419
California,2015,-2,4,-8,38.0,35.0,3.6635616461296463,3.58351893845611
California,2016,-1,1,-1,32.0,49.0,3.4965075614664802,3.912023005428146
California,2017,0,0,0,36.0,47.0,3.6109179126442243,3.871201010907891
California,2018,1,1,1,35.0,32.0,3.58351893845611,3.4965075614664802
California,2019,2,4,8,33.0,65.0,3.5263605246161616,4.189654742026425
California,2020,3,9,27,21.0,14.0,3.091042453358316,2.70805020110221
California,2021,4,16,64,17.0,12.0,2.8903717578961645,2.5649493574615367
Colorado,2011,-6,36,-216,146.0,30.0,4.990432586778736,3.4339872044851463
Colorado,2012,-5,25,-125,144.0,18.0,4.976733742420574,2.9444389791664403
Colorado,2013,-4,16,-64,167.0,45.0,5.123963979403259,3.828641396489095
Colorado,2014,-3,9,-27,184.0,11.0,5.220355825078324,2.4849066497880004
Colorado,2015,-2,4,-8,95.0,14.0,4.564348191467836,2.70805020110221
Colorado,2016,-1,1,-1,42.0,7.0,3.7612001156935624,2.0794415416798357
Colorado,2017,0,0,0,515.0,908.0,6.246106765481563,6.812345094177479
Colorado,2018,1,1,1,533.0,733.0,6.280395838960195,6.598509028614515
Colorado,2019,2,4,8,392.0,453.0,5.973809611869261,6.118097198041348
Colorado,2020,3,9,27,281.0,227.0,5.641907070938114,5.429345628954441
Colorado,2021,4,16,64,288.0,414.0,5.666426688112432,6.028278520230698
Connecticut,2011,-6,36,-216,12.0,7.0,2.5649493574615367,2.0794415416798357
Connecticut,2012,-5,25,-125,5.0,3.0,1.791759469228055,1.3862943611198906
Connecticut,2013,-4,16,-64,5.0,0.0,1.791759469228055,0.0
Connecticut,2014,-3,9,-27,29.0,2.0,3.4011973816621555,1.0986122886681098
Connecticut,2015,-2,4,-8,6.0,2.0,1.9459101490553132,1.0986122886681098
Connecticut,2016,-1,1,-1,5.0,0.0,1.791759469228055,0.0
Connecticut,2017,0,0,0,9.0,0.0,2.302585092994046,0.0
Connecticut,2018,1,1,1,0.0,0.0,0.0,0.0
Connecticut,2019,2,4,8,5.0,0.0,1.791759469228055,0.0
Connecticut,2020,3,9,27,2.0,0.0,1.0986122886681098,0.0
Connecticut,2021,4,16,64,3.0,0.0,1.3862943611198906,0.0
Delaware,2011,-6,36,-216,9.0,,2.302585092994046,
Delaware,2012,-5,25,-125,9.0,1.0,2.302585092994046,0.6931471805599453
Delaware,2013,-4,16,-64,9.0,11.0,2.302585092994046,2.4849066497880004
Delaware,2014,-3,9,-27,9.0,3.0,2.302585092994046,1.3862943611198906
Delaware,2015,-2,4,-8,9.0,3.0,2.302585092994046,1.3862943611198906
Delaware,2016,-1,1,-1,12.0,7.0,2.5649493574615367,2.0794415416798357
Delaware,2017,0,0,0,11.0,7.0,2.4849066497880004,2.0794415416798357
Delaware,2018,1,1,1,10.0,12.0,2.3978952727983707,2.5649493574615367
Delaware,2019,2,4,8,10.0,14.0,2.3978952727983707,2.70805020110221
Delaware,2020,3,9,27,1.0,2.0,0.6931471805599453,1.0986122886681098
Delaware,2021,4,16,64,10.0,4.0,2.3978952727983707,1.6094379124341003
Florida,2011,-6,36,-216,778.0,120.0,6.658011045870748,4.795790545596741
Florida,2012,-5,25,-125,808.0,149.0,6.695798917058491,5.0106352940962555
Florida,2013,-4,16,-64,875.0,226.0,6.775366090936392,5.424950017481403
Florida,2014,-3,9,-27,733.0,149.0,6.598509028614515,5.0106352940962555
Florida,2015,-2,4,-8,795.0,158.0,6.679599185844383,5.0689042022202315
Florida,2016,-1,1,-1,598.0,81.0,6.395261598115449,4.406719247264253
Florida,2017,0,0,0,645.0,158.0,6.470799503782602,5.0689042022202315
Florida,2018,1,1,1,676.0,90.0,6.517671272912275,4.51085950651685
Florida,2019,2,4,8,700.0,127.0,6.55250788703459,4.852030263919617
Florida,2020,3,9,27,642.0,223.0,6.466144724237619,5.4116460518550396
Florida,2021,4,16,64,733.0,256.0,6.598509028614515,5.54907608489522
Georgia,2011,-6,36,-216,146.0,46.0,4.990432586778736,3.8501476017100584
Georgia,2012,-5,25,-125,96.0,27.0,4.574710978503383,3.332204510175204
Georgia,2013,-4,16,-64,98.0,32.0,4.59511985013459,3.4965075614664802
Georgia,2014,-3,9,-27,82.0,14.0,4.418840607796598,2.70805020110221
Georgia,2015,-2,4,-8,86.0,23.0,4.465908118654584,3.1780538303479458
Georgia,2016,-1,1,-1,66.0,17.0,4.204692619390966,2.8903717578961645
Georgia,2017,0,0,0,77.0,20.0,4.356708826689592,3.044522437723423
Georgia,2018,1,1,1,37.0,7.0,3.6375861597263857,2.0794415416798357
Georgia,2019,2,4,8,21.0,18.0,3.091042453358316,2.9444389791664403
Georgia,2020,3,9,27,10.0,5.0,2.3978952727983707,1.791759469228055
Georgia,2021,4,16,64,23.0,0.0,3.1780538303479458,0.0
Hawaii,2011,-6,36,-216,20.0,3.0,3.044522437723423,1.3862943611198906
Hawaii,2012,-5,25,-125,45.0,12.0,3.828641396489095,2.5649493574615367
Hawaii,2013,-4,16,-64,14.0,2.0,2.70805020110221,1.0986122886681098
Hawaii,2014,-3,9,-27,10.0,0.0,2.3978952727983707,0.0
Hawaii,2015,-2,4,-8,19.0,7.0,2.995732273553991,2.0794415416798357
Hawaii,2016,-1,1,-1,21.0,28.0,3.091042453358316,3.367295829986474
Hawaii,2017,0,0,0,31.0,16.0,3.4657359027997265,2.833213344056216
Hawaii,2018,1,1,1,24.0,18.0,3.2188758248682006,2.9444389791664403
Hawaii,2019,2,4,8,30.0,36.0,3.4339872044851463,3.6109179126442243
Hawaii,2020,3,9,27,10.0,12.0,2.3978952727983707,2.5649493574615367
Hawaii,2021,4,16,64,12.0,6.0,2.5649493574615367,1.9459101490553132
Idaho,2011,-6,36,-216,69.0,4.0,4.248495242049359,1.6094379124341003
Idaho,2012,-5,25,-125,94.0,3.0,4.553876891600541,1.3862943611198906
Idaho,2013,-4,16,-64,130.0,19.0,4.875197323201151,2.995732273553991
Idaho,2014,-3,9,-27,147.0,9.0,4.997212273764115,2.302585092994046
Idaho,2015,-2,4,-8,115.0,2.0,4.7535901911063645,1.0986122886681098
Idaho,2016,-1,1,-1,127.0,9.0,4.852030263919617,2.302585092994046
Idaho,2017,0,0,0,79.0,0.0,4.382026634673881,0.0
Idaho,2018,1,1,1,62.0,5.0,4.143134726391533,1.791759469228055
Idaho,2019,2,4,8,57.0,1.0,4.060443010546419,0.6931471805599453
Idaho,2020,3,9,27,50.0,1.0,3.9318256327243257,0.6931471805599453
Idaho,2021,4,16,64,54.0,5.0,4.007333185232471,1.791759469228055
Illinois,2011,-6,36,-216,27.0,26.0,3.332204510175204,3.295836866004329
Illinois,2012,-5,25,-125,25.0,16.0,3.258096538021482,2.833213344056216
Illinois,2013,-4,16,-64,24.0,33.0,3.2188758248682006,3.5263605246161616
Illinois,2014,-3,9,-27,33.0,5.0,3.5263605246161616,1.791759469228055
Illinois,2015,-2,4,-8,28.0,4.0,3.367295829986474,1.6094379124341003
Illinois,2016,-1,1,-1,20.0,13.0,3.044522437723423,2.6390573296152584
Illinois,2017,0,0,0,26.0,14.0,3.295836866004329,2.70805020110221
Illinois,2018,1,1,1,27.0,8.0,3.332204510175204,2.1972245773362196
Illinois,2019,2,4,8,36.0,0.0,3.6109179126442243,0.0
Illinois,2020,3,9,27,26.0,0.0,3.295836866004329,0.0
Illinois,2021,4,16,64,37.0,3.0,3.6375861597263857,1.3862943611198906
Indiana,2011,-6,36,-216,8.0,,2.1972245773362196,
Indiana,2012,-5,25,-125,7.0,1.0,2.0794415416798357,0.6931471805599453
Indiana,2013,-4,16,-64,14.0,1.0,2.70805020110221,0.6931471805599453
Indiana,2014,-3,9,-27,14.0,1.0,2.70805020110221,0.6931471805599453
Indiana,2015,-2,4,-8,24.0,17.0,3.2188758248682006,2.8903717578961645
Indiana,2016,-1,1,-1,13.0,0.0,2.6390573296152584,0.0
Indiana,2017,0,0,0,7.0,1.0,2.0794415416798357,0.6931471805599453
Indiana,2018,1,1,1,6.0,4.0,1.9459101490553132,1.6094379124341003
Indiana,2019,2,4,8,22.0,5.0,3.1354942159291497,1.791759469228055
Indiana,2020,3,9,27,16.0,4.0,2.833213344056216,1.6094379124341003
Indiana,2021,4,16,64,16.0,3.0,2.833213344056216,1.3862943611198906
Iowa,2011,-6,36,-216,22.0,11.0,3.1354942159291497,2.4849066497880004
Iowa,2012,-5,25,-125,21.0,12.0,3.091042453358316,2.5649493574615367
Iowa,2013,-4,16,-64,22.0,46.0,3.1354942159291497,3.8501476017100584
Iowa,2014,-3,9,-27,10.0,3.0,2.3978952727983707,1.3862943611198906
Iowa,2015,-2,4,-8,17.0,13.0,2.8903717578961645,2.6390573296152584
Iowa,2016,-1,1,-1,26.0,8.0,3.295836866004329,2.1972245773362196
Iowa,2017,0,0,0,19.0,14.0,2.995732273553991,2.70805020110221
Iowa,2018,1,1,1,3.0,4.0,1.3862943611198906,1.6094379124341003
Iowa,2019,2,4,8,2.0,0.0,1.0986122886681098,0.0
Iowa,2020,3,9,27,7.0,19.0,2.0794415416798357,2.995732273553991
Iowa,2021,4,16,64,7.0,0.0,2.0794415416798357,0.0
Kansas,2011,-6,36,-216,21.0,17.0,3.091042453358316,2.8903717578961645
Kansas,2012,-5,25,-125,22.0,6.0,3.1354942159291497,1.9459101490553132
Kansas,2013,-4,16,-64,20.0,12.0,3.044522437723423,2.5649493574615367
Kansas,2014,-3,9,-27,20.0,15.0,3.044522437723423,2.772588722239781
Kansas,2015,-2,4,-8,20.0,10.0,3.044522437723423,2.3978952727983707
Kansas,2016,-1,1,-1,18.0,6.0,2.9444389791664403,1.9459101490553132
Kansas,2017,0,0,0,6.0,0.0,1.9459101490553132,0.0
Kansas,2018,1,1,1,0.0,0.0,0.0,0.0
Kansas,2019,2,4,8,9.0,4.0,2.302585092994046,1.6094379124341003
Kansas,2020,3,9,27,5.0,0.0,1.791759469228055,0.0
Kansas,2021,4,16,64,2.0,0.0,1.0986122886681098,0.0
Kentucky,2011,-6,36,-216,58.0,13.0,4.07753744390572,2.6390573296152584
Kentucky,2012,-5,25,-125,29.0,4.0,3.4011973816621555,1.6094379124341003
Kentucky,2013,-4,16,-64,55.0,7.0,4.02535169073515,2.0794415416798357
Kentucky,2014,-3,9,-27,58.0,4.0,4.07753744390572,1.6094379124341003
Kentucky,2015,-2,4,-8,52.0,3.0,3.970291913552122,1.3862943611198906
Kentucky,2016,-1,1,-1,47.0,9.0,3.871201010907891,2.302585092994046
Kentucky,2017,0,0,0,44.0,0.0,3.8066624897703196,0.0
Kentucky,2018,1,1,1,32.0,3.0,3.4965075614664802,1.3862943611198906
Kentucky,2019,2,4,8,12.0,0.0,2.5649493574615367,0.0
Kentucky,2020,3,9,27,22.0,0.0,3.1354942159291497,0.0
Kentucky,2021,4,16,64,24.0,0.0,3.2188758248682006,0.0
Louisiana,2011,-6,36,-216,40.0,,3.713572066704308,
Louisiana,2012,-5,25,-125,39.0,0.0,3.6888794541139363,0.0
Louisiana,2013,-4,16,-64,34.0,0.0,3.5553480614894135,0.0
Louisiana,2014,-3,9,-27,39.0,2.0,3.6888794541139363,1.0986122886681098
Louisiana,2015,-2,4,-8,37.0,8.0,3.6375861597263857,2.1972245773362196
Louisiana,2016,-1,1,-1,36.0,2.0,3.6109179126442243,1.0986122886681098
Louisiana,2017,0,0,0,36.0,0.0,3.6109179126442243,0.0
Louisiana,2018,1,1,1,38.0,4.0,3.6635616461296463,1.6094379124341003
Louisiana,2019,2,4,8,42.0,4.0,3.7612001156935624,1.6094379124341003
Louisiana,2020,3,9,27,33.0,10.0,3.5263605246161616,2.3978952727983707
Louisiana,2021,4,16,64,36.0,4.0,3.6109179126442243,1.6094379124341003
Maine,2011,-6,36,-216,58.0,5.0,4.07753744390572,1.791759469228055
Maine,2012,-5,25,-125,108.0,26.0,4.6913478822291435,3.295836866004329
Maine,2013,-4,16,-64,87.0,12.0,4.477336814478207,2.5649493574615367
Maine,2014,-3,9,-27,70.0,9.0,4.2626798770413155,2.302585092994046
Maine,2015,-2,4,-8,72.0,12.0,4.290459441148391,2.5649493574615367
Maine,2016,-1,1,-1,86.0,13.0,4.465908118654584,2.6390573296152584
Maine,2017,0,0,0,60.0,13.0,4.110873864173311,2.6390573296152584
Maine,2018,1,1,1,38.0,9.0,3.6635616461296463,2.302585092994046
Maine,2019,2,4,8,40.0,25.0,3.713572066704308,3.258096538021482
Maine,2020,3,9,27,11.0,0.0,2.4849066497880004,0.0
Maine,2021,4,16,64,21.0,5.0,3.091042453358316,1.791759469228055
Maryland,2011,-6,36,-216,36.0,18.0,3.6109179126442243,2.9444389791664403
Maryland,2012,-5,25,-125,37.0,5.0,3.6375861597263857,1.791759469228055
Maryland,2013,-4,16,-64,35.0,12.0,3.58351893845611,2.5649493574615367
Maryland,2014,-3,9,-27,36.0,3.0,3.6109179126442243,1.3862943611198906
Maryland,2015,-2,4,-8,39.0,9.0,3.6888794541139363,2.302585092994046
Maryland,2016,-1,1,-1,36.0,7.0,3.6109179126442243,2.0794415416798357
Maryland,2017,0,0,0,39.0,5.0,3.6888794541139363,1.791759469228055
Maryland,2018,1,1,1,41.0,7.0,3.7376696182833684,2.0794415416798357
Maryland,2019,2,4,8,28.0,3.0,3.367295829986474,1.3862943611198906
Maryland,2020,3,9,27,3.0,1.0,1.3862943611198906,0.6931471805599453
Maryland,2021,4,16,64,42.0,5.0,3.7612001156935624,1.791759469228055
Massachusetts,2011,-6,36,-216,66.0,1.0,4.204692619390966,0.6931471805599453
Massachusetts,2012,-5,25,-125,34.0,6.0,3.5553480614894135,1.9459101490553132
Massachusetts,2013,-4,16,-64,13.0,6.0,2.6390573296152584,1.9459101490553132
Massachusetts,2014,-3,9,-27,25.0,18.0,3.258096538021482,2.9444389791664403
Massachusetts,2015,-2,4,-8,51.0,22.0,3.9512437185814275,3.1354942159291497
Massachusetts,2016,-1,1,-1,28.0,19.0,3.367295829986474,2.995732273553991
Massachusetts,2017,0,0,0,10.0,0.0,2.3978952727983707,0.0
Massachusetts,2018,1,1,1,0.0,0.0,0.0,0.0
Massachusetts,2019,2,4,8,9.0,0.0,2.302585092994046,0.0
Massachusetts,2020,3,9,27,13.0,0.0,2.6390573296152584,0.0
Massachusetts,2021,4,16,64,18.0,0.0,2.9444389791664403,0.0
Michigan,2011,-6,36,-216,40.0,24.0,3.713572066704308,3.2188758248682006
Michigan,2012,-5,25,-125,43.0,14.0,3.784189633918261,2.70805020110221
Michigan,2013,-4,16,-64,48.0,10.0,3.8918202981106265,2.3978952727983707
Michigan,2014,-3,9,-27,13.0,14.0,2.6390573296152584,2.70805020110221
Michigan,2015,-2,4,-8,46.0,13.0,3.8501476017100584,2.6390573296152584
Michigan,2016,-1,1,-1,19.0,4.0,2.995732273553991,1.6094379124341003
Michigan,2017,0,0,0,28.0,16.0,3.367295829986474,2.833213344056216
Michigan,2018,1,1,1,60.0,12.0,4.110873864173311,2.5649493574615367
Michigan,2019,2,4,8,24.0,23.0,3.2188758248682006,3.1780538303479458
Michigan,2020,3,9,27,22.0,14.0,3.1354942159291497,2.70805020110221
Michigan,2021,4,16,64,39.0,0.0,3.6888794541139363,0.0
Minnesota,2011,-6,36,-216,18.0,51.0,2.9444389791664403,3.9512437185814275
Minnesota,2012,-5,25,-125,17.0,31.0,2.8903717578961645,3.4657359027997265
Minnesota,2013,-4,16,-64,28.0,35.0,3.367295829986474,3.58351893845611
Minnesota,2014,-3,9,-27,24.0,28.0,3.2188758248682006,3.367295829986474
Minnesota,2015,-2,4,-8,13.0,16.0,2.6390573296152584,2.833213344056216
Minnesota,2016,-1,1,-1,19.0,66.0,2.995732273553991,4.204692619390966
Minnesota,2017,0,0,0,25.0,114.0,3.258096538021482,4.74493212836325
Minnesota,2018,1,1,1,24.0,112.0,3.2188758248682006,4.727387818712341
Minnesota,2019,2,4,8,27.0,87.0,3.332204510175204,4.477336814478207
Minnesota,2020,3,9,27,9.0,47.0,2.302585092994046,3.871201010907891
Minnesota,2021,4,16,64,14.0,60.0,2.70805020110221,4.110873864173311
Mississippi,2011,-6,36,-216,26.0,5.0,3.295836866004329,1.791759469228055
Mississippi,2012,-5,25,-125,35.0,6.0,3.58351893845611,1.9459101490553132
Mississippi,2013,-4,16,-64,33.0,0.0,3.5263605246161616,0.0
Mississippi,2014,-3,9,-27,28.0,7.0,3.367295829986474,2.0794415416798357
Mississippi,2015,-2,4,-8,37.0,7.0,3.6375861597263857,2.0794415416798357
Mississippi,2016,-1,1,-1,1.0,2.0,0.6931471805599453,1.0986122886681098
Mississippi,2017,0,0,0,36.0,35.0,3.6109179126442243,3.58351893845611
Mississippi,2018,1,1,1,1.0,8.0,0.6931471805599453,2.1972245773362196
Mississippi,2019,2,4,8,46.0,43.0,3.8501476017100584,3.784189633918261
Mississippi,2020,3,9,27,22.0,5.0,3.1354942159291497,1.791759469228055
Mississippi,2021,4,16,64,24.0,13.0,3.2188758248682006,2.6390573296152584
Missouri,2011,-6,36,-216,20.0,19.0,3.044522437723423,2.995732273553991
Missouri,2012,-5,25,-125,20.0,1.0,3.044522437723423,0.6931471805599453
Missouri,2013,-4,16,-64,24.0,25.0,3.2188758248682006,3.258096538021482
Missouri,2014,-3,9,-27,24.0,24.0,3.2188758248682006,3.2188758248682006
Missouri,2015,-2,4,-8,29.0,39.0,3.4011973816621555,3.6888794541139363
Missouri,2016,-1,1,-1,33.0,17.0,3.5263605246161616,2.8903717578961645
Missouri,2017,0,0,0,28.0,14.0,3.367295829986474,2.70805020110221
Missouri,2018,1,1,1,22.0,0.0,3.1354942159291497,0.0
Missouri,2019,2,4,8,26.0,41.0,3.295836866004329,3.7376696182833684
Missouri,2020,3,9,27,4.0,8.0,1.6094379124341003,2.1972245773362196
Missouri,2021,4,16,64,38.0,8.0,3.6635616461296463,2.1972245773362196
Montana,2011,-6,36,-216,31.0,48.0,3.4657359027997265,3.8918202981106265
Montana,2012,-5,25,-125,28.0,22.0,3.367295829986474,3.1354942159291497
Montana,2013,-4,16,-64,32.0,30.0,3.4965075614664802,3.4339872044851463
Montana,2014,-3,9,-27,29.0,11.0,3.4011973816621555,2.4849066497880004
Montana,2015,-2,4,-8,26.0,43.0,3.295836866004329,3.784189633918261
Montana,2016,-1,1,-1,23.0,30.0,3.1780538303479458,3.4339872044851463
Montana,2017,0,0,0,20.0,34.0,3.044522437723423,3.5553480614894135
Montana,2018,1,1,1,10.0,18.0,2.3978952727983707,2.9444389791664403
Montana,2019,2,4,8,25.0,29.0,3.258096538021482,3.4011973816621555
Montana,2020,3,9,27,14.0,16.0,2.70805020110221,2.833213344056216
Montana,2021,4,16,64,23.0,19.0,3.1780538303479458,2.995732273553991
Nebraska,2011,-6,36,-216,19.0,11.0,2.995732273553991,2.4849066497880004
Nebraska,2012,-5,25,-125,27.0,12.0,3.332204510175204,2.5649493574615367
Nebraska,2013,-4,16,-64,23.0,10.0,3.1780538303479458,2.3978952727983707
Nebraska,2014,-3,9,-27,21.0,5.0,3.091042453358316,1.791759469228055
Nebraska,2015,-2,4,-8,5.0,0.0,1.791759469228055,0.0
Nebraska,2016,-1,1,-1,21.0,0.0,3.091042453358316,0.0
Nebraska,2017,0,0,0,5.0,1.0,1.791759469228055,0.6931471805599453
Nebraska,2018,1,1,1,6.0,12.0,1.9459101490553132,2.5649493574615367
Nebraska,2019,2,4,8,7.0,3.0,2.0794415416798357,1.3862943611198906
Nebraska,2020,3,9,27,3.0,1.0,1.3862943611198906,0.6931471805599453
Nebraska,2021,4,16,64,8.0,5.0,2.1972245773362196,1.791759469228055
Nevada,2011,-6,36,-216,15.0,17.0,2.772588722239781,2.8903717578961645
Nevada,2012,-5,25,-125,14.0,16.0,2.70805020110221,2.833213344056216
Nevada,2013,-4,16,-64,15.0,10.0,2.772588722239781,2.3978952727983707
Nevada,2014,-3,9,-27,12.0,5.0,2.5649493574615367,1.791759469228055
Nevada,2015,-2,4,-8,14.0,26.0,2.70805020110221,3.295836866004329
Nevada,2016,-1,1,-1,14.0,26.0,2.70805020110221,3.295836866004329
Nevada,2017,0,0,0,17.0,8.0,2.8903717578961645,2.1972245773362196
Nevada,2018,1,1,1,12.0,5.0,2.5649493574615367,1.791759469228055
Nevada,2019,2,4,8,9.0,20.0,2.302585092994046,3.044522437723423
Nevada,2020,3,9,27,11.0,11.0,2.4849066497880004,2.4849066497880004
Nevada,2021,4,16,64,8.0,17.0,2.1972245773362196,2.8903717578961645
New Hampshire,2011,-6,36,-216,60.0,9.0,4.110873864173311,2.302585092994046
New Hampshire,2012,-5,25,-125,61.0,3.0,4.127134385045092,1.3862943611198906
New Hampshire,2013,-4,16,-64,63.0,6.0,4.1588830833596715,1.9459101490553132
New Hampshire,2014,-3,9,-27,61.0,5.0,4.127134385045092,1.791759469228055
New Hampshire,2015,-2,4,-8,60.0,1.0,4.110873864173311,0.6931471805599453
New Hampshire,2016,-1,1,-1,50.0,2.0,3.9318256327243257,1.0986122886681098
New Hampshire,2017,0,0,0,40.0,0.0,3.713572066704308,0.0
New Hampshire,2018,1,1,1,40.0,5.0,3.713572066704308,1.791759469228055
New Hampshire,2019,2,4,8,45.0,5.0,3.828641396489095,1.791759469228055
New Hampshire,2020,3,9,27,18.0,6.0,2.9444389791664403,1.9459101490553132
New Hampshire,2021,4,16,64,41.0,7.0,3.7376696182833684,2.0794415416798357
New Jersey,2011,-6,36,-216,185.0,165.0,5.225746673713202,5.111987788356544
New Jersey,2012,-5,25,-125,181.0,161.0,5.204006687076795,5.087596335232384
New Jersey,2013,-4,16,-64,132.0,68.0,4.890349128221754,4.23410650459726
New Jersey,2014,-3,9,-27,149.0,52.0,5.0106352940962555,3.970291913552122
New Jersey,2015,-2,4,-8,174.0,32.0,5.1647859739235145,3.4965075614664802
New Jersey,2016,-1,1,-1,442.0,96.0,6.093569770045136,4.574710978503383
New Jersey,2017,0,0,0,66.0,35.0,4.204692619390966,3.58351893845611
New Jersey,2018,1,1,1,66.0,107.0,4.204692619390966,4.68213122712422
New Jersey,2019,2,4,8,34.0,110.0,3.5553480614894135,4.709530201312334
New Jersey,2020,3,9,27,78.0,151.0,4.3694478524670215,5.0238805208462765
New Jersey,2021,4,16,64,71.0,83.0,4.276666119016055,4.430816798843313
New Mexico,2011,-6,36,-216,58.0,40.0,4.07753744390572,3.713572066704308
New Mexico,2012,-5,25,-125,34.0,5.0,3.5553480614894135,1.791759469228055
New Mexico,2013,-4,16,-64,23.0,1.0,3.1780538303479458,0.6931471805599453
New Mexico,2014,-3,9,-27,26.0,4.0,3.295836866004329,1.6094379124341003
New Mexico,2015,-2,4,-8,29.0,18.0,3.4011973816621555,2.9444389791664403
New Mexico,2016,-1,1,-1,28.0,5.0,3.367295829986474,1.791759469228055
New Mexico,2017,0,0,0,38.0,0.0,3.6635616461296463,0.0
New Mexico,2018,1,1,1,24.0,25.0,3.2188758248682006,3.258096538021482
New Mexico,2019,2,4,8,15.0,10.0,2.772588722239781,2.3978952727983707
New Mexico,2020,3,9,27,6.0,7.0,1.9459101490553132,2.0794415416798357
New Mexico,2021,4,16,64,18.0,1.0,2.9444389791664403,0.6931471805599453
New York,2011,-6,36,-216,37.0,20.0,3.6375861597263857,3.044522437723423
New York,2012,-5,25,-125,30.0,19.0,3.4339872044851463,2.995732273553991
New York,2013,-4,16,-64,56.0,41.0,4.04305126783455,3.7376696182833684
New York,2014,-3,9,-27,99.0,48.0,4.605170185988092,3.8918202981106265
New York,2015,-2,4,-8,4.0,7.0,1.6094379124341003,2.0794415416798357
New York,2016,-1,1,-1,12.0,4.0,2.5649493574615367,1.6094379124341003
New York,2017,0,0,0,19.0,15.0,2.995732273553991,2.772588722239781
New York,2018,1,1,1,20.0,14.0,3.044522437723423,2.70805020110221
New York,2019,2,4,8,23.0,18.0,3.1780538303479458,2.9444389791664403
New York,2020,3,9,27,12.0,12.0,2.5649493574615367,2.5649493574615367
New York,2021,4,16,64,10.0,5.0,2.3978952727983707,1.791759469228055
North Carolina,2011,-6,36,-216,363.0,64.0,5.8971538676367405,4.174387269895637
North Carolina,2012,-5,25,-125,333.0,67.0,5.811140992976701,4.219507705176107
North Carolina,2013,-4,16,-64,419.0,90.0,6.040254711277414,4.51085950651685
North Carolina,2014,-3,9,-27,379.0,85.0,5.940171252720432,4.454347296253507
North Carolina,2015,-2,4,-8,395.0,70.0,5.981414211254481,4.2626798770413155
North Carolina,2016,-1,1,-1,369.0,93.0,5.91350300563827,4.543294782270004
North Carolina,2017,0,0,0,281.0,106.0,5.641907070938114,4.672828834461906
North Carolina,2018,1,1,1,369.0,90.0,5.91350300563827,4.51085950651685
North Carolina,2019,2,4,8,444.0,120.0,6.09807428216624,4.795790545596741
North Carolina,2020,3,9,27,271.0,46.0,5.605802066295998,3.8501476017100584
North Carolina,2021,4,16,64,354.0,93.0,5.872117789475416,4.543294782270004
North Dakota,2011,-6,36,-216,16.0,,2.833213344056216,
North Dakota,2012,-5,25,-125,16.0,7.0,2.833213344056216,2.0794415416798357
North Dakota,2013,-4,16,-64,15.0,2.0,2.772588722239781,1.0986122886681098
North Dakota,2014,-3,9,-27,15.0,0.0,2.772588722239781,0.0
North Dakota,2015,-2,4,-8,16.0,1.0,2.833213344056216,0.6931471805599453
North Dakota,2016,-1,1,-1,12.0,0.0,2.5649493574615367,0.0
North Dakota,2017,0,0,0,14.0,0.0,2.70805020110221,0.0
North Dakota,2018,1,1,1,14.0,0.0,2.70805020110221,0.0
North Dakota,2019,2,4,8,15.0,0.0,2.772588722239781,0.0
North Dakota,2020,3,9,27,9.0,0.0,2.302585092994046,0.0
North Dakota,2021,4,16,64,12.0,0.0,2.5649493574615367,0.0
Ohio,2011,-6,36,-216,19.0,12.0,2.995732273553991,2.5649493574615367
Ohio,2012,-5,25,-125,10.0,7.0,2.3978952727983707,2.0794415416798357
Ohio,2013,-4,16,-64,10.0,9.0,2.3978952727983707,2.302585092994046
Ohio,2014,-3,9,-27,8.0,5.0,2.1972245773362196,1.791759469228055
Ohio,2015,-2,4,-8,10.0,2.0,2.3978952727983707,1.0986122886681098
Ohio,2016,-1,1,-1,8.0,4.0,2.1972245773362196,1.6094379124341003
Ohio,2017,0,0,0,21.0,9.0,3.091042453358316,2.302585092994046
Ohio,2018,1,1,1,21.0,34.0,3.091042453358316,3.5553480614894135
Ohio,2019,2,4,8,24.0,27.0,3.2188758248682006,3.332204510175204
Ohio,2020,3,9,27,25.0,32.0,3.258096538021482,3.4965075614664802
Ohio,2021,4,16,64,25.0,22.0,3.258096538021482,3.1354942159291497
Oklahoma,2011,-6,36,-216,40.0,9.0,3.713572066704308,2.302585092994046
Oklahoma,2012,-5,25,-125,36.0,8.0,3.6109179126442243,2.1972245773362196
Oklahoma,2013,-4,16,-64,31.0,5.0,3.4657359027997265,1.791759469228055
Oklahoma,2014,-3,9,-27,30.0,6.0,3.4339872044851463,1.9459101490553132
Oklahoma,2015,-2,4,-8,25.0,10.0,3.258096538021482,2.3978952727983707
Oklahoma,2016,-1,1,-1,25.0,13.0,3.258096538021482,2.6390573296152584
Oklahoma,2017,0,0,0,19.0,1.0,2.995732273553991,0.6931471805599453
Oklahoma,2018,1,1,1,16.0,5.0,2.833213344056216,1.791759469228055
Oklahoma,2019,2,4,8,20.0,20.0,3.044522437723423,3.044522437723423
Oklahoma,2020,3,9,27,10.0,7.0,2.3978952727983707,2.0794415416798357
Oklahoma,2021,4,16,64,8.0,3.0,2.1972245773362196,1.3862943611198906
Oregon,2011,-6,36,-216,58.0,108.0,4.07753744390572,4.6913478822291435
Oregon,2012,-5,25,-125,81.0,166.0,4.406719247264253,5.117993812416755
Oregon,2013,-4,16,-64,63.0,99.0,4.1588830833596715,4.605170185988092
Oregon,2014,-3,9,-27,61.0,124.0,4.127134385045092,4.8283137373023015
Oregon,2015,-2,4,-8,46.0,83.0,3.8501476017100584,4.430816798843313
Oregon,2016,-1,1,-1,37.0,91.0,3.6375861597263857,4.5217885770490405
Oregon,2017,0,0,0,23.0,99.0,3.1780538303479458,4.605170185988092
Oregon,2018,1,1,1,41.0,86.0,3.7376696182833684,4.465908118654584
Oregon,2019,2,4,8,34.0,57.0,3.5553480614894135,4.060443010546419
Oregon,2020,3,9,27,0.0,0.0,0.0,0.0
Oregon,2021,4,16,64,0.0,0.0,0.0,0.0
Pennsylvania,2011,-6,36,-216,150.0,16.0,5.017279836814924,2.833213344056216
Pennsylvania,2012,-5,25,-125,70.0,15.0,4.2626798770413155,2.772588722239781
Pennsylvania,2013,-4,16,-64,76.0,17.0,4.343805421853684,2.8903717578961645
Pennsylvania,2014,-3,9,-27,69.0,11.0,4.248495242049359,2.4849066497880004
Pennsylvania,2015,-2,4,-8,57.0,18.0,4.060443010546419,2.9444389791664403
Pennsylvania,2016,-1,1,-1,63.0,15.0,4.1588830833596715,2.772588722239781
Pennsylvania,2017,0,0,0,65.0,63.0,4.189654742026425,4.1588830833596715
Pennsylvania,2018,1,1,1,62.0,19.0,4.143134726391533,2.995732273553991
Pennsylvania,2019,2,4,8,67.0,10.0,4.219507705176107,2.3978952727983707
Pennsylvania,2020,3,9,27,20.0,12.0,3.044522437723423,2.5649493574615367
Pennsylvania,2021,4,16,64,61.0,0.0,4.127134385045092,0.0
Rhode Island,2011,-6,36,-216,12.0,9.0,2.5649493574615367,2.302585092994046
Rhode Island,2012,-5,25,-125,13.0,13.0,2.6390573296152584,2.6390573296152584
Rhode Island,2013,-4,16,-64,15.0,8.0,2.772588722239781,2.1972245773362196
Rhode Island,2014,-3,9,-27,13.0,7.0,2.6390573296152584,2.0794415416798357
Rhode Island,2015,-2,4,-8,13.0,17.0,2.6390573296152584,2.8903717578961645
Rhode Island,2016,-1,1,-1,15.0,16.0,2.772588722239781,2.833213344056216
Rhode Island,2017,0,0,0,16.0,15.0,2.833213344056216,2.772588722239781
Rhode Island,2018,1,1,1,3.0,46.0,1.3862943611198906,3.8501476017100584
Rhode Island,2019,2,4,8,1.0,10.0,0.6931471805599453,2.3978952727983707
Rhode Island,2020,3,9,27,2.0,8.0,1.0986122886681098,2.1972245773362196
Rhode Island,2021,4,16,64,1.0,9.0,0.6931471805599453,2.302585092994046
South Carolina,2011,-6,36,-216,71.0,29.0,4.276666119016055,3.4011973816621555
South Carolina,2012,-5,25,-125,79.0,23.0,4.382026634673881,3.1780538303479458
South Carolina,2013,-4,16,-64,63.0,25.0,4.1588830833596715,3.258096538021482
South Carolina,2014,-3,9,-27,3.0,0.0,1.3862943611198906,0.0
South Carolina,2015,-2,4,-8,209.0,54.0,5.3471075307174685,4.007333185232471
South Carolina,2016,-1,1,-1,143.0,53.0,4.969813299576001,3.9889840465642745
South Carolina,2017,0,0,0,140.0,40.0,4.948759890378168,3.713572066704308
South Carolina,2018,1,1,1,70.0,89.0,4.2626798770413155,4.499809670330265
South Carolina,2019,2,4,8,64.0,59.0,4.174387269895637,4.0943445622221
South Carolina,2020,3,9,27,69.0,46.0,4.248495242049359,3.8501476017100584
South Carolina,2021,4,16,64,69.0,66.0,4.248495242049359,4.204692619390966
South Dakota,2011,-6,36,-216,132.0,3.0,4.890349128221754,1.3862943611198906
South Dakota,2012,-5,25,-125,101.0,7.0,4.624972813284271,2.0794415416798357
South Dakota,2013,-4,16,-64,105.0,4.0,4.663439094112067,1.6094379124341003
South Dakota,2014,-3,9,-27,66.0,30.0,4.204692619390966,3.4339872044851463
South Dakota,2015,-2,4,-8,1.0,3.0,0.6931471805599453,1.3862943611198906
South Dakota,2016,-1,1,-1,82.0,0.0,4.418840607796598,0.0
South Dakota,2017,0,0,0,121.0,0.0,4.804021044733257,0.0
South Dakota,2018,1,1,1,487.0,0.0,6.1903154058531475,0.0
South Dakota,2019,2,4,8,370.0,0.0,5.916202062607435,0.0
South Dakota,2020,3,9,27,561.0,0.0,6.331501849893691,0.0
South Dakota,2021,4,16,64,262.0,0.0,5.572154032177765,0.0
Tennessee,2011,-6,36,-216,44.0,7.0,3.8066624897703196,2.0794415416798357
Tennessee,2012,-5,25,-125,40.0,1.0,3.713572066704308,0.6931471805599453
Tennessee,2013,-4,16,-64,54.0,0.0,4.007333185232471,0.0
Tennessee,2014,-3,9,-27,32.0,0.0,3.4965075614664802,0.0
Tennessee,2015,-2,4,-8,35.0,4.0,3.58351893845611,1.6094379124341003
Tennessee,2016,-1,1,-1,42.0,4.0,3.7612001156935624,1.6094379124341003
Tennessee,2017,0,0,0,43.0,7.0,3.784189633918261,2.0794415416798357
Tennessee,2018,1,1,1,39.0,0.0,3.6888794541139363,0.0
Tennessee,2019,2,4,8,30.0,8.0,3.4339872044851463,2.1972245773362196
Tennessee,2020,3,9,27,32.0,1.0,3.4965075614664802,0.6931471805599453
Tennessee,2021,4,16,64,28.0,0.0,3.367295829986474,0.0
Texas,2011,-6,36,-216,240.0,16.0,5.484796933490655,2.833213344056216
Texas,2012,-5,25,-125,178.0,22.0,5.187385805840755,3.1354942159291497
Texas,2013,-4,16,-64,65.0,27.0,4.189654742026425,3.332204510175204
Texas,2014,-3,9,-27,123.0,44.0,4.820281565605037,3.8066624897703196
Texas,2015,-2,4,-8,87.0,60.0,4.477336814478207,4.110873864173311
Texas,2016,-1,1,-1,61.0,50.0,4.127134385045092,3.9318256327243257
Texas,2017,0,0,0,75.0,20.0,4.330733340286331,3.044522437723423
Texas,2018,1,1,1,78.0,41.0,4.3694478524670215,3.7376696182833684
Texas,2019,2,4,8,84.0,23.0,4.442651256490317,3.1780538303479458
Texas,2020,3,9,27,94.0,15.0,4.553876891600541,2.772588722239781
Texas,2021,4,16,64,80.0,11.0,4.394449154672439,2.4849066497880004
Utah,2011,-6,36,-216,34.0,30.0,3.5553480614894135,3.4339872044851463
Utah,2012,-5,25,-125,25.0,2.0,3.258096538021482,1.0986122886681098
Utah,2013,-4,16,-64,18.0,3.0,2.9444389791664403,1.3862943611198906
Utah,2014,-3,9,-27,7.0,0.0,2.0794415416798357,0.0
Utah,2015,-2,4,-8,12.0,0.0,2.5649493574615367,0.0
Utah,2016,-1,1,-1,15.0,0.0,2.772588722239781,0.0
Utah,2017,0,0,0,0.0,0.0,0.0,0.0
Utah,2018,1,1,1,24.0,1.0,3.2188758248682006,0.6931471805599453
Utah,2019,2,4,8,34.0,0.0,3.5553480614894135,0.0
Utah,2020,3,9,27,90.0,0.0,4.51085950651685,0.0
Utah,2021,4,16,64,67.0,1.0,4.219507705176107,0.6931471805599453
Vermont,2011,-6,36,-216,10.0,,2.3978952727983707,
Vermont,2012,-5,25,-125,2.0,0.0,1.0986122886681098,0.0
Vermont,2013,-4,16,-64,4.0,0.0,1.6094379124341003,0.0
Vermont,2014,-3,9,-27,2.0,0.0,1.0986122886681098,0.0
Vermont,2015,-2,4,-8,13.0,0.0,2.6390573296152584,0.0
Vermont,2016,-1,1,-1,3.0,0.0,1.3862943611198906,0.0
Vermont,2017,0,0,0,9.0,3.0,2.302585092994046,1.3862943611198906
Vermont,2018,1,1,1,12.0,0.0,2.5649493574615367,0.0
Vermont,2019,2,4,8,7.0,10.0,2.0794415416798357,2.3978952727983707
Vermont,2020,3,9,27,3.0,11.0,1.3862943611198906,2.4849066497880004
Vermont,2021,4,16,64,5.0,11.0,1.791759469228055,2.4849066497880004
Virginia,2011,-6,36,-216,57.0,,4.060443010546419,
Virginia,2012,-5,25,-125,40.0,0.0,3.713572066704308,0.0
Virginia,2013,-4,16,-64,57.0,0.0,4.060443010546419,0.0
Virginia,2014,-3,9,-27,43.0,1.0,3.784189633918261,0.6931471805599453
Virginia,2015,-2,4,-8,51.0,0.0,3.9512437185814275,0.0
Virginia,2016,-1,1,-1,34.0,0.0,3.5553480614894135,0.0
Virginia,2017,0,0,0,38.0,0.0,3.6635616461296463,0.0
Virginia,2018,1,1,1,39.0,1.0,3.6888794541139363,0.6931471805599453
Virginia,2019,2,4,8,35.0,6.0,3.58351893845611,1.9459101490553132
Virginia,2020,3,9,27,26.0,0.0,3.295836866004329,0.0
Virginia,2021,4,16,64,7.0,7.0,2.0794415416798357,2.0794415416798357
Washington,2011,-6,36,-216,42.0,133.0,3.7612001156935624,4.897839799950911
Washington,2012,-5,25,-125,40.0,122.0,3.713572066704308,4.812184355372417
Washington,2013,-4,16,-64,40.0,113.0,3.713572066704308,4.736198448394496
Washington,2014,-3,9,-27,35.0,95.0,3.58351893845611,4.564348191467836
Washington,2015,-2,4,-8,46.0,74.0,3.8501476017100584,4.31748811353631
Washington,2016,-1,1,-1,40.0,84.0,3.713572066704308,4.442651256490317
Washington,2017,0,0,0,52.0,268.0,3.970291913552122,5.594711379601839
Washington,2018,1,1,1,34.0,210.0,3.5553480614894135,5.351858133476067
Washington,2019,2,4,8,44.0,251.0,3.8066624897703196,5.529429087511423
Washington,2020,3,9,27,38.0,156.0,3.6635616461296463,5.056245805348308
Washington,2021,4,16,64,53.0,157.0,3.9889840465642745,5.062595033026967
West Virginia,2011,-6,36,-216,10.0,2.0,2.3978952727983707,1.0986122886681098
West Virginia,2012,-5,25,-125,0.0,0.0,0.0,0.0
West Virginia,2013,-4,16,-64,10.0,1.0,2.3978952727983707,0.6931471805599453
West Virginia,2014,-3,9,-27,9.0,2.0,2.302585092994046,1.0986122886681098
West Virginia,2015,-2,4,-8,11.0,2.0,2.4849066497880004,1.0986122886681098
West Virginia,2016,-1,1,-1,10.0,0.0,2.3978952727983707,0.0
West Virginia,2017,0,0,0,11.0,0.0,2.4849066497880004,0.0
West Virginia,2018,1,1,1,12.0,0.0,2.5649493574615367,0.0
West Virginia,2019,2,4,8,11.0,0.0,2.4849066497880004,0.0
West Virginia,2020,3,9,27,2.0,3.0,1.0986122886681098,1.3862943611198906
West Virginia,2021,4,16,64,9.0,0.0,2.302585092994046,0.0
Wisconsin,2011,-6,36,-216,31.0,52.0,3.4657359027997265,3.970291913552122
Wisconsin,2012,-5,25,-125,28.0,25.0,3.367295829986474,3.258096538021482
Wisconsin,2013,-4,16,-64,28.0,44.0,3.367295829986474,3.8066624897703196
Wisconsin,2014,-3,9,-27,21.0,34.0,3.091042453358316,3.5553480614894135
Wisconsin,2015,-2,4,-8,31.0,29.0,3.4657359027997265,3.4011973816621555
Wisconsin,2016,-1,1,-1,35.0,64.0,3.58351893845611,4.174387269895637
Wisconsin,2017,0,0,0,43.0,98.0,3.784189633918261,4.59511985013459
Wisconsin,2018,1,1,1,41.0,73.0,3.7376696182833684,4.30406509320417
Wisconsin,2019,2,4,8,50.0,71.0,3.9318256327243257,4.276666119016055
Wisconsin,2020,3,9,27,46.0,56.0,3.8501476017100584,4.04305126783455
Wisconsin,2021,4,16,64,47.0,86.0,3.871201010907891,4.465908118654584
